section_id,section_order,hidden_initial,question_text,field_name,field_type,option_label,option_value,control_type,required,data_next,data_toggle
q0000,1,FALSE,👤 Basisdaten,0000,text,,,input,TRUE,,
q0000,1,FALSE,👤 Basisdaten,0001,text,,,input,TRUE,,
q0000,1,FALSE,👤 Basisdaten,0002,select,Bitte wählen…,,select,TRUE,,
q0000,1,FALSE,👤 Basisdaten,0002,select,männlich,männlich,select,TRUE,,
q0000,1,FALSE,👤 Basisdaten,0002,select,weiblich,weiblich,select,TRUE,,
q0000,1,FALSE,👤 Basisdaten,0002,select,divers/weiß nicht,divers/weiß nicht,select,TRUE,,
q0000,1,FALSE,👤 Basisdaten,0003_tag,select,Tag,,select,TRUE,,
q0000,1,FALSE,👤 Basisdaten,0003_tag,select,1,1,select,TRUE,,
q0000,1,FALSE,👤 Basisdaten,0003_tag,select,2,2,select,TRUE,,
q0000,1,FALSE,👤 Basisdaten,0003_tag,select,3,3,select,TRUE,,
q0000,1,FALSE,👤 Basisdaten,0003_tag,select,4,4,select,TRUE,,
q0000,1,FALSE,👤 Basisdaten,0003_tag,select,5,5,select,TRUE,,
q0000,1,FALSE,👤 Basisdaten,0003_tag,select,6,6,select,TRUE,,
q0000,1,FALSE,👤 Basisdaten,0003_tag,select,7,7,select,TRUE,,
q0000,1,FALSE,👤 Basisdaten,0003_tag,select,8,8,select,TRUE,,
q0000,1,FALSE,👤 Basisdaten,0003_tag,select,9,9,select,TRUE,,
q0000,1,FALSE,👤 Basisdaten,0003_tag,select,10,10,select,TRUE,,
q0000,1,FALSE,👤 Basisdaten,0003_tag,select,11,11,select,TRUE,,
q0000,1,FALSE,👤 Basisdaten,0003_tag,select,12,12,select,TRUE,,
q0000,1,FALSE,👤 Basisdaten,0003_tag,select,13,13,select,TRUE,,
q0000,1,FALSE,👤 Basisdaten,0003_tag,select,14,14,select,TRUE,,
q0000,1,FALSE,👤 Basisdaten,0003_tag,select,15,15,select,TRUE,,
q0000,1,FALSE,👤 Basisdaten,0003_tag,select,16,16,select,TRUE,,
q0000,1,FALSE,👤 Basisdaten,0003_tag,select,17,17,select,TRUE,,
q0000,1,FALSE,👤 Basisdaten,0003_tag,select,18,18,select,TRUE,,
q0000,1,FALSE,👤 Basisdaten,0003_tag,select,19,19,select,TRUE,,
q0000,1,FALSE,👤 Basisdaten,0003_tag,select,20,20,select,TRUE,,
q0000,1,FALSE,👤 Basisdaten,0003_tag,select,21,21,select,TRUE,,
q0000,1,FALSE,👤 Basisdaten,0003_tag,select,22,22,select,TRUE,,
q0000,1,FALSE,👤 Basisdaten,0003_tag,select,23,23,select,TRUE,,
q0000,1,FALSE,👤 Basisdaten,0003_tag,select,24,24,select,TRUE,,
q0000,1,FALSE,👤 Basisdaten,0003_tag,select,25,25,select,TRUE,,
q0000,1,FALSE,👤 Basisdaten,0003_tag,select,26,26,select,TRUE,,
q0000,1,FALSE,👤 Basisdaten,0003_tag,select,27,27,select,TRUE,,
q0000,1,FALSE,👤 Basisdaten,0003_tag,select,28,28,select,TRUE,,
q0000,1,FALSE,👤 Basisdaten,0003_tag,select,29,29,select,TRUE,,
q0000,1,FALSE,👤 Basisdaten,0003_tag,select,30,30,select,TRUE,,
q0000,1,FALSE,👤 Basisdaten,0003_tag,select,31,31,select,TRUE,,
q0000,1,FALSE,👤 Basisdaten,0003_monat,select,Monat,,select,TRUE,,
q0000,1,FALSE,👤 Basisdaten,0003_monat,select,Januar,1,select,TRUE,,
q0000,1,FALSE,👤 Basisdaten,0003_monat,select,Februar,2,select,TRUE,,
q0000,1,FALSE,👤 Basisdaten,0003_monat,select,März,3,select,TRUE,,
q0000,1,FALSE,👤 Basisdaten,0003_monat,select,April,4,select,TRUE,,
q0000,1,FALSE,👤 Basisdaten,0003_monat,select,Mai,5,select,TRUE,,
q0000,1,FALSE,👤 Basisdaten,0003_monat,select,Juni,6,select,TRUE,,
q0000,1,FALSE,👤 Basisdaten,0003_monat,select,Juli,7,select,TRUE,,
q0000,1,FALSE,👤 Basisdaten,0003_monat,select,August,8,select,TRUE,,
q0000,1,FALSE,👤 Basisdaten,0003_monat,select,September,9,select,TRUE,,
q0000,1,FALSE,👤 Basisdaten,0003_monat,select,Oktober,10,select,TRUE,,
q0000,1,FALSE,👤 Basisdaten,0003_monat,select,November,11,select,TRUE,,
q0000,1,FALSE,👤 Basisdaten,0003_monat,select,Dezember,12,select,TRUE,,
q0000,1,FALSE,👤 Basisdaten,0003_jahr,select,Jahr,,select,TRUE,,
q0000,1,FALSE,👤 Basisdaten,0003_jahr,select,2025,2025,select,TRUE,,
q0000,1,FALSE,👤 Basisdaten,0003_jahr,select,2024,2024,select,TRUE,,
q0000,1,FALSE,👤 Basisdaten,0003_jahr,select,2023,2023,select,TRUE,,
q0000,1,FALSE,👤 Basisdaten,0003_jahr,select,2022,2022,select,TRUE,,
q0000,1,FALSE,👤 Basisdaten,0003_jahr,select,2021,2021,select,TRUE,,
q0000,1,FALSE,👤 Basisdaten,0003_jahr,select,2020,2020,select,TRUE,,
q0000,1,FALSE,👤 Basisdaten,0003_jahr,select,2019,2019,select,TRUE,,
q0000,1,FALSE,👤 Basisdaten,0003_jahr,select,2018,2018,select,TRUE,,
q0000,1,FALSE,👤 Basisdaten,0003_jahr,select,2017,2017,select,TRUE,,
q0000,1,FALSE,👤 Basisdaten,0003_jahr,select,2016,2016,select,TRUE,,
q0000,1,FALSE,👤 Basisdaten,0003_jahr,select,2015,2015,select,TRUE,,
q0000,1,FALSE,👤 Basisdaten,0003_jahr,select,2014,2014,select,TRUE,,
q0000,1,FALSE,👤 Basisdaten,0003_jahr,select,2013,2013,select,TRUE,,
q0000,1,FALSE,👤 Basisdaten,0003_jahr,select,2012,2012,select,TRUE,,
q0000,1,FALSE,👤 Basisdaten,0003_jahr,select,2011,2011,select,TRUE,,
q0000,1,FALSE,👤 Basisdaten,0003_jahr,select,2010,2010,select,TRUE,,
q0000,1,FALSE,👤 Basisdaten,0003_jahr,select,2009,2009,select,TRUE,,
q0000,1,FALSE,👤 Basisdaten,0003_jahr,select,2008,2008,select,TRUE,,
q0000,1,FALSE,👤 Basisdaten,0003_jahr,select,2007,2007,select,TRUE,,
q0000,1,FALSE,👤 Basisdaten,0003_jahr,select,2006,2006,select,TRUE,,
q0000,1,FALSE,👤 Basisdaten,0003_jahr,select,2005,2005,select,TRUE,,
q0000,1,FALSE,👤 Basisdaten,0003_jahr,select,2004,2004,select,TRUE,,
q0000,1,FALSE,👤 Basisdaten,0003_jahr,select,2003,2003,select,TRUE,,
q0000,1,FALSE,👤 Basisdaten,0003_jahr,select,2002,2002,select,TRUE,,
q0000,1,FALSE,👤 Basisdaten,0003_jahr,select,2001,2001,select,TRUE,,
q0000,1,FALSE,👤 Basisdaten,0003_jahr,select,2000,2000,select,TRUE,,
q0000,1,FALSE,👤 Basisdaten,0003_jahr,select,1999,1999,select,TRUE,,
q0000,1,FALSE,👤 Basisdaten,0003_jahr,select,1998,1998,select,TRUE,,
q0000,1,FALSE,👤 Basisdaten,0003_jahr,select,1997,1997,select,TRUE,,
q0000,1,FALSE,👤 Basisdaten,0003_jahr,select,1996,1996,select,TRUE,,
q0000,1,FALSE,👤 Basisdaten,0003_jahr,select,1995,1995,select,TRUE,,
q0000,1,FALSE,👤 Basisdaten,0003_jahr,select,1994,1994,select,TRUE,,
q0000,1,FALSE,👤 Basisdaten,0003_jahr,select,1993,1993,select,TRUE,,
q0000,1,FALSE,👤 Basisdaten,0003_jahr,select,1992,1992,select,TRUE,,
q0000,1,FALSE,👤 Basisdaten,0003_jahr,select,1991,1991,select,TRUE,,
q0000,1,FALSE,👤 Basisdaten,0003_jahr,select,1990,1990,select,TRUE,,
q0000,1,FALSE,👤 Basisdaten,0003_jahr,select,1989,1989,select,TRUE,,
q0000,1,FALSE,👤 Basisdaten,0003_jahr,select,1988,1988,select,TRUE,,
q0000,1,FALSE,👤 Basisdaten,0003_jahr,select,1987,1987,select,TRUE,,
q0000,1,FALSE,👤 Basisdaten,0003_jahr,select,1986,1986,select,TRUE,,
q0000,1,FALSE,👤 Basisdaten,0003_jahr,select,1985,1985,select,TRUE,,
q0000,1,FALSE,👤 Basisdaten,0003_jahr,select,1984,1984,select,TRUE,,
q0000,1,FALSE,👤 Basisdaten,0003_jahr,select,1983,1983,select,TRUE,,
q0000,1,FALSE,👤 Basisdaten,0003_jahr,select,1982,1982,select,TRUE,,
q0000,1,FALSE,👤 Basisdaten,0003_jahr,select,1981,1981,select,TRUE,,
q0000,1,FALSE,👤 Basisdaten,0003_jahr,select,1980,1980,select,TRUE,,
q0000,1,FALSE,👤 Basisdaten,0003_jahr,select,1979,1979,select,TRUE,,
q0000,1,FALSE,👤 Basisdaten,0003_jahr,select,1978,1978,select,TRUE,,
q0000,1,FALSE,👤 Basisdaten,0003_jahr,select,1977,1977,select,TRUE,,
q0000,1,FALSE,👤 Basisdaten,0003_jahr,select,1976,1976,select,TRUE,,
q0000,1,FALSE,👤 Basisdaten,0003_jahr,select,1975,1975,select,TRUE,,
q0000,1,FALSE,👤 Basisdaten,0003_jahr,select,1974,1974,select,TRUE,,
q0000,1,FALSE,👤 Basisdaten,0003_jahr,select,1973,1973,select,TRUE,,
q0000,1,FALSE,👤 Basisdaten,0003_jahr,select,1972,1972,select,TRUE,,
q0000,1,FALSE,👤 Basisdaten,0003_jahr,select,1971,1971,select,TRUE,,
q0000,1,FALSE,👤 Basisdaten,0003_jahr,select,1970,1970,select,TRUE,,
q0000,1,FALSE,👤 Basisdaten,0003_jahr,select,1969,1969,select,TRUE,,
q0000,1,FALSE,👤 Basisdaten,0003_jahr,select,1968,1968,select,TRUE,,
q0000,1,FALSE,👤 Basisdaten,0003_jahr,select,1967,1967,select,TRUE,,
q0000,1,FALSE,👤 Basisdaten,0003_jahr,select,1966,1966,select,TRUE,,
q0000,1,FALSE,👤 Basisdaten,0003_jahr,select,1965,1965,select,TRUE,,
q0000,1,FALSE,👤 Basisdaten,0003_jahr,select,1964,1964,select,TRUE,,
q0000,1,FALSE,👤 Basisdaten,0003_jahr,select,1963,1963,select,TRUE,,
q0000,1,FALSE,👤 Basisdaten,0003_jahr,select,1962,1962,select,TRUE,,
q0000,1,FALSE,👤 Basisdaten,0003_jahr,select,1961,1961,select,TRUE,,
q0000,1,FALSE,👤 Basisdaten,0003_jahr,select,1960,1960,select,TRUE,,
q0000,1,FALSE,👤 Basisdaten,0003_jahr,select,1959,1959,select,TRUE,,
q0000,1,FALSE,👤 Basisdaten,0003_jahr,select,1958,1958,select,TRUE,,
q0000,1,FALSE,👤 Basisdaten,0003_jahr,select,1957,1957,select,TRUE,,
q0000,1,FALSE,👤 Basisdaten,0003_jahr,select,1956,1956,select,TRUE,,
q0000,1,FALSE,👤 Basisdaten,0003_jahr,select,1955,1955,select,TRUE,,
q0000,1,FALSE,👤 Basisdaten,0003_jahr,select,1954,1954,select,TRUE,,
q0000,1,FALSE,👤 Basisdaten,0003_jahr,select,1953,1953,select,TRUE,,
q0000,1,FALSE,👤 Basisdaten,0003_jahr,select,1952,1952,select,TRUE,,
q0000,1,FALSE,👤 Basisdaten,0003_jahr,select,1951,1951,select,TRUE,,
q0000,1,FALSE,👤 Basisdaten,0003_jahr,select,1950,1950,select,TRUE,,
q0000,1,FALSE,👤 Basisdaten,0003_jahr,select,1949,1949,select,TRUE,,
q0000,1,FALSE,👤 Basisdaten,0003_jahr,select,1948,1948,select,TRUE,,
q0000,1,FALSE,👤 Basisdaten,0003_jahr,select,1947,1947,select,TRUE,,
q0000,1,FALSE,👤 Basisdaten,0003_jahr,select,1946,1946,select,TRUE,,
q0000,1,FALSE,👤 Basisdaten,0003_jahr,select,1945,1945,select,TRUE,,
q0000,1,FALSE,👤 Basisdaten,0003_jahr,select,1944,1944,select,TRUE,,
q0000,1,FALSE,👤 Basisdaten,0003_jahr,select,1943,1943,select,TRUE,,
q0000,1,FALSE,👤 Basisdaten,0003_jahr,select,1942,1942,select,TRUE,,
q0000,1,FALSE,👤 Basisdaten,0003_jahr,select,1941,1941,select,TRUE,,
q0000,1,FALSE,👤 Basisdaten,0003_jahr,select,1940,1940,select,TRUE,,
q0000,1,FALSE,👤 Basisdaten,0003_jahr,select,1939,1939,select,TRUE,,
q0000,1,FALSE,👤 Basisdaten,0003_jahr,select,1938,1938,select,TRUE,,
q0000,1,FALSE,👤 Basisdaten,0003_jahr,select,1937,1937,select,TRUE,,
q0000,1,FALSE,👤 Basisdaten,0003_jahr,select,1936,1936,select,TRUE,,
q0000,1,FALSE,👤 Basisdaten,0003_jahr,select,1935,1935,select,TRUE,,
q0000,1,FALSE,👤 Basisdaten,0003_jahr,select,1934,1934,select,TRUE,,
q0000,1,FALSE,👤 Basisdaten,0003_jahr,select,1933,1933,select,TRUE,,
q0000,1,FALSE,👤 Basisdaten,0003_jahr,select,1932,1932,select,TRUE,,
q0000,1,FALSE,👤 Basisdaten,0003_jahr,select,1931,1931,select,TRUE,,
q0000,1,FALSE,👤 Basisdaten,0003_jahr,select,1930,1930,select,TRUE,,
q0000,1,FALSE,👤 Basisdaten,0003_jahr,select,1929,1929,select,TRUE,,
q0000,1,FALSE,👤 Basisdaten,0003_jahr,select,1928,1928,select,TRUE,,
q0000,1,FALSE,👤 Basisdaten,0003_jahr,select,1927,1927,select,TRUE,,
q0000,1,FALSE,👤 Basisdaten,0003_jahr,select,1926,1926,select,TRUE,,
q0000,1,FALSE,👤 Basisdaten,0003_jahr,select,1925,1925,select,TRUE,,
q1000,2,TRUE,Haben Sie aktuell Beschwerden?,1000,radio,Ja,Ja,radio/checkbox,FALSE,#q1001,
q1000,2,TRUE,Haben Sie aktuell Beschwerden?,1000,radio,Nein,Nein,radio/checkbox,FALSE,#q2000,
q1001,3,TRUE,Wie lange bestehen Ihre Beschwerden?,1001_select,select,Bitte wählen…,,select,FALSE,,#q1002
q1001,3,TRUE,Wie lange bestehen Ihre Beschwerden?,1001_select,select,wenige Tage,wenige Tage,select,FALSE,,#q1002
q1001,3,TRUE,Wie lange bestehen Ihre Beschwerden?,1001_select,select,weniger als 1 Woche,weniger als 1 Woche,select,FALSE,,#q1002
q1001,3,TRUE,Wie lange bestehen Ihre Beschwerden?,1001_select,select,wenige Wochen,wenige Wochen,select,FALSE,,#q1002
q1001,3,TRUE,Wie lange bestehen Ihre Beschwerden?,1001_select,select,wenige Monate,wenige Monate,select,FALSE,,#q1002
q1001,3,TRUE,Wie lange bestehen Ihre Beschwerden?,1001_select,select,länger als ein halbes Jahr,länger als ein halbes Jahr,select,FALSE,,#q1002
q1001,3,TRUE,Wie lange bestehen Ihre Beschwerden?,1001_select,select,seit Jahren,seit Jahren,select,FALSE,,#q1002
q1001,3,TRUE,Wie lange bestehen Ihre Beschwerden?,1001_select,select,weiß nicht,weiß nicht,select,FALSE,,#q1002
q1002,4,TRUE,Wie häufig treten diese Beschwerden auf?,1002_select,select,Bitte wählen…,,select,FALSE,,#q1003
q1002,4,TRUE,Wie häufig treten diese Beschwerden auf?,1002_select,select,selten,selten,select,FALSE,,#q1003
q1002,4,TRUE,Wie häufig treten diese Beschwerden auf?,1002_select,select,unregelmäßig,unregelmäßig,select,FALSE,,#q1003
q1002,4,TRUE,Wie häufig treten diese Beschwerden auf?,1002_select,select,episodisch,episodisch,select,FALSE,,#q1003
q1002,4,TRUE,Wie häufig treten diese Beschwerden auf?,1002_select,select,periodisch / regelmäßig,periodisch / regelmäßig,select,FALSE,,#q1003
q1002,4,TRUE,Wie häufig treten diese Beschwerden auf?,1002_select,select,täglich,täglich,select,FALSE,,#q1003
q1002,4,TRUE,Wie häufig treten diese Beschwerden auf?,1002_select,select,ständig / ununterbrochen,ständig / ununterbrochen,select,FALSE,,#q1003
q1003,5,TRUE,Wodurch werden Ihre Beschwerden ausgelöst?,1003,checkbox,Belastung/Gehen,Belastung/Gehen,radio/checkbox,FALSE,,#q1004
q1003,5,TRUE,Wodurch werden Ihre Beschwerden ausgelöst?,1003,checkbox,Kälteexposition,Kälteexposition,radio/checkbox,FALSE,,#q1004
q1003,5,TRUE,Wodurch werden Ihre Beschwerden ausgelöst?,1003,checkbox,Längeres Stehen oder Sitzen,Längeres Stehen oder Sitzen,radio/checkbox,FALSE,,#q1004
q1003,5,TRUE,Wodurch werden Ihre Beschwerden ausgelöst?,1003,checkbox,Nahrungsaufnahme,Nahrungsaufnahme,radio/checkbox,FALSE,,#q1004
q1003,5,TRUE,Wodurch werden Ihre Beschwerden ausgelöst?,1003,checkbox,Wärme,Wärme,radio/checkbox,FALSE,,#q1004
q1003,5,TRUE,Wodurch werden Ihre Beschwerden ausgelöst?,1003,checkbox,ohne Auslöser,ohne Auslöser,radio/checkbox,FALSE,,#q1004
q1003,5,TRUE,Wodurch werden Ihre Beschwerden ausgelöst?,1003_freitext,text,_ Tragen Sie hier weitere Symptome und Beobachtungen,,input,FALSE,,#q1004
q1004,6,TRUE,Haben sich Ihre Beschwerden verändert?,1004_select,select,Bitte wählen…,,select,FALSE,"#q1005,#q1006,#q2000",
q1004,6,TRUE,Haben sich Ihre Beschwerden verändert?,1004_select,select,abgeklungen,abgeklungen,select,FALSE,"#q1005,#q1006,#q2000",
q1004,6,TRUE,Haben sich Ihre Beschwerden verändert?,1004_select,select,gebessert,gebessert,select,FALSE,"#q1005,#q1006,#q2000",
q1004,6,TRUE,Haben sich Ihre Beschwerden verändert?,1004_select,select,unverändert,unverändert,select,FALSE,"#q1005,#q1006,#q2000",
q1004,6,TRUE,Haben sich Ihre Beschwerden verändert?,1004_select,select,wechselnd,wechselnd,select,FALSE,"#q1005,#q1006,#q2000",
q1004,6,TRUE,Haben sich Ihre Beschwerden verändert?,1004_select,select,zunehmend,zunehmend,select,FALSE,"#q1005,#q1006,#q2000",
q1005,7,TRUE,Haben Sie sonstige Auffälligkeiten?,1005,checkbox,Fieber,Fieber,radio/checkbox,FALSE,,
q1005,7,TRUE,Haben Sie sonstige Auffälligkeiten?,1005,checkbox,Kraftlosigkeit,Kraftlosigkeit,radio/checkbox,FALSE,,
q1005,7,TRUE,Haben Sie sonstige Auffälligkeiten?,1005,checkbox,Nachtschweiß,Nachtschweiß,radio/checkbox,FALSE,,
q1005,7,TRUE,Haben Sie sonstige Auffälligkeiten?,1005,checkbox,ungewollter Gewichtsverlust,ungewollter Gewichtsverlust,radio/checkbox,FALSE,,
q1005,7,TRUE,Haben Sie sonstige Auffälligkeiten?,1005_freitext,text,_ (andere Auffälligkeiten ),,input,FALSE,,
q1105,8,TRUE,Fieber – Tagesprofil,1105_tagesprofil,radio,kontinuierlich,kontinuierlich,radio/checkbox,FALSE,,
q1105,8,TRUE,Fieber – Tagesprofil,1105_tagesprofil,radio,remittierend,remittierend,radio/checkbox,FALSE,,
q1105,8,TRUE,Fieber – Tagesprofil,1105_tagesprofil,radio,intermittierend,intermittierend,radio/checkbox,FALSE,,
q1105,8,TRUE,Fieber – Tagesprofil,1105_schuettelfrost,radio,ja,ja,radio/checkbox,FALSE,,
q1105,8,TRUE,Fieber – Tagesprofil,1105_schuettelfrost,radio,nein,nein,radio/checkbox,FALSE,,
q1205,9,TRUE,Fieber – Höchsttemperatur & Messmethode,1205_tmax_c,number,z. B. 39.2,,input,FALSE,,
q1205,9,TRUE,Fieber – Höchsttemperatur & Messmethode,1205_methode,radio,rektal,rektal,radio/checkbox,FALSE,,
q1205,9,TRUE,Fieber – Höchsttemperatur & Messmethode,1205_methode,radio,oral,oral,radio/checkbox,FALSE,,
q1205,9,TRUE,Fieber – Höchsttemperatur & Messmethode,1205_methode,radio,Gehörgang,Gehörgang,radio/checkbox,FALSE,,
q1305,10,TRUE,Fieber – Begleitsymptome,1305_begleit,checkbox,Nackensteifigkeit,Nackensteifigkeit,radio/checkbox,FALSE,,
q1305,10,TRUE,Fieber – Begleitsymptome,1305_begleit,checkbox,Lichtempfindlichkeit,Lichtempfindlichkeit,radio/checkbox,FALSE,,
q1405,11,TRUE,Fieber – Auslösende Ursachen / Exposition,1405_expo,checkbox,Reise (letzte 4–6 Wochen),Reise (letzte 4–6 Wochen),radio/checkbox,FALSE,,
q1405,11,TRUE,Fieber – Auslösende Ursachen / Exposition,1405_expo,checkbox,Tier-/Zeckenkontakt,Tier-/Zeckenkontakt,radio/checkbox,FALSE,,
q1405,11,TRUE,Fieber – Auslösende Ursachen / Exposition,1405_expo,checkbox,Insektenstiche,Insektenstiche,radio/checkbox,FALSE,,
q1405,11,TRUE,Fieber – Auslösende Ursachen / Exposition,1405_expo,checkbox,Rohmilch,Rohmilch,radio/checkbox,FALSE,,
q1405,11,TRUE,Fieber – Auslösende Ursachen / Exposition,1405_expo,checkbox,Meeresfrüchte,Meeresfrüchte,radio/checkbox,FALSE,,
q1405,11,TRUE,Fieber – Auslösende Ursachen / Exposition,1405_expo,checkbox,Sexuelle Kontakte,Sexuelle Kontakte,radio/checkbox,FALSE,,
q1405,11,TRUE,Fieber – Auslösende Ursachen / Exposition,1405_expo,checkbox,i.v.-Drogen,i.v.-Drogen,radio/checkbox,FALSE,,
q1505,12,TRUE,Gewichtsverlust – Appetit,1505_appetit,radio,normal,normal,radio/checkbox,FALSE,,
q1505,12,TRUE,Gewichtsverlust – Appetit,1505_appetit,radio,vermindert,vermindert,radio/checkbox,FALSE,,
q1505,12,TRUE,Gewichtsverlust – Appetit,1505_appetit,radio,frühe Sättigung,frühe Sättigung,radio/checkbox,FALSE,,
q1605,13,TRUE,Gewichtsverlust – Nahrungsaufnahme,1605_kcal_tag,number,kcal/Tag,,input,FALSE,,
q1605,13,TRUE,Gewichtsverlust – Nahrungsaufnahme,1605_mahlzeiten_tag,number,z. B. 3,,input,FALSE,,
q1605,13,TRUE,Gewichtsverlust – Nahrungsaufnahme,1605_trinkmenge_l,number,z. B. 1.5,,input,FALSE,,
q1705,14,TRUE,Gewichtsverlust – Symptome,1705_sympt,checkbox,Heiserkeit >3 Wo,Heiserkeit >3 Wo,radio/checkbox,FALSE,,
q1705,14,TRUE,Gewichtsverlust – Symptome,1705_sympt,checkbox,Kauprobleme,Kauprobleme,radio/checkbox,FALSE,,
q1705,14,TRUE,Gewichtsverlust – Symptome,1705_sympt,checkbox,neu aufgetretene Hyperpigmentierung,neu aufgetretene Hyperpigmentierung,radio/checkbox,FALSE,,
q1705,14,TRUE,Gewichtsverlust – Symptome,1705_sympt,checkbox,orthostatische Beschwerden,orthostatische Beschwerden,radio/checkbox,FALSE,,
q1705,14,TRUE,Gewichtsverlust – Symptome,1705_sympt,checkbox,rektale Blutung,rektale Blutung,radio/checkbox,FALSE,,
q1705,14,TRUE,Gewichtsverlust – Symptome,1705_sympt,checkbox,Schluckstörungen,Schluckstörungen,radio/checkbox,FALSE,,
q1705,14,TRUE,Gewichtsverlust – Symptome,1705_sympt,checkbox,Schmerzhafte/tastbare Lymphknoten,Schmerzhafte/tastbare Lymphknoten,radio/checkbox,FALSE,,
q1705,14,TRUE,Gewichtsverlust – Symptome,1705_sympt,checkbox,Soor,Soor,radio/checkbox,FALSE,,
q1705,14,TRUE,Gewichtsverlust – Symptome,1705_sympt,checkbox,TBC-Kontakt,TBC-Kontakt,radio/checkbox,FALSE,,
q1705,14,TRUE,Gewichtsverlust – Symptome,1705_sympt,checkbox,vermehrtes Durstgefühl,vermehrtes Durstgefühl,radio/checkbox,FALSE,,
q1805,15,TRUE,starkes Erschöpfungsgefühl,1805_erschoepfung,radio,Ja,ja,radio/checkbox,FALSE,,
q1805,15,TRUE,starkes Erschöpfungsgefühl,1805_erschoepfung,radio,Nein,nein,radio/checkbox,FALSE,,
q1815,16,TRUE,spontanes ungewolltes Einschlafen,1815_einschlafen,radio,Ja,ja,radio/checkbox,FALSE,,
q1815,16,TRUE,spontanes ungewolltes Einschlafen,1815_einschlafen,radio,Nein,nein,radio/checkbox,FALSE,,
q1825,17,TRUE,Aufstehen vom Stuhl ohne Armeinsatz möglich,1825_stuhl_ohne_arme,radio,Ja,ja,radio/checkbox,FALSE,,
q1825,17,TRUE,Aufstehen vom Stuhl ohne Armeinsatz möglich,1825_stuhl_ohne_arme,radio,Nein,nein,radio/checkbox,FALSE,,
q1835,18,TRUE,Kraftlosigkeit – Stürze,1835_stuerze_4w,number,z. B. 0,,input,FALSE,,
q1006,19,TRUE,Welche Beschwerden haben Sie?,1006,checkbox,Angiologische Beschwerden - Durchblutungsprobleme (Blut und Lymphgefäße),Angiologische Beschwerden - Durchblutungsprobleme (Blut und Lymphgefäße),radio/checkbox,FALSE,,#q1010
q1006,19,TRUE,Welche Beschwerden haben Sie?,1006,checkbox,Atemwegs- und Lungenbeschwerden,Atemwegs- und Lungenbeschwerden,radio/checkbox,FALSE,,#q1020
q1006,19,TRUE,Welche Beschwerden haben Sie?,1006,checkbox,Augenbeschwerden,Augenbeschwerden,radio/checkbox,FALSE,,#q1A00
q1006,19,TRUE,Welche Beschwerden haben Sie?,1006,checkbox,Haut und Weichteilbeschwerden (z.B. Wunden/Ekzem),Haut und Weichteilbeschwerden (z.B. Wunden/Ekzem),radio/checkbox,FALSE,,#q1040
q1006,19,TRUE,Welche Beschwerden haben Sie?,1006,checkbox,Herz-Kreislaufbeschwerden,Herz-Kreislaufbeschwerden,radio/checkbox,FALSE,,#q1050
q1006,19,TRUE,Welche Beschwerden haben Sie?,1006,checkbox,HNO Beschwerden,HNO Beschwerden,radio/checkbox,FALSE,,#q1B00
q1006,19,TRUE,Welche Beschwerden haben Sie?,1006,checkbox,Magen-Darm-Beschwerden,Magen-Darm-Beschwerden,radio/checkbox,FALSE,,#q1030
q1006,19,TRUE,Welche Beschwerden haben Sie?,1006,checkbox,Metabolische/Hormonelle Beschwerden,Metabolische/Hormonelle Beschwerden,radio/checkbox,FALSE,,#q1060
q1006,19,TRUE,Welche Beschwerden haben Sie?,1006,checkbox,Muskuloskelettale Beschwerden,Muskuloskelettale Beschwerden,radio/checkbox,FALSE,,#q1070
q1006,19,TRUE,Welche Beschwerden haben Sie?,1006,checkbox,Neurologische Beschwerden,Neurologische Beschwerden,radio/checkbox,FALSE,,#q1080
q1006,19,TRUE,Welche Beschwerden haben Sie?,1006,checkbox,Psychische/Psychosomatische Beschwerden,Psychische/Psychosomatische Beschwerden,radio/checkbox,FALSE,,#q1C00
q1006,19,TRUE,Welche Beschwerden haben Sie?,1006,checkbox,Urologische/Gynäkologische Beschwerden,Urologische/Gynäkologische Beschwerden,radio/checkbox,FALSE,,#q1090
q1010,20,TRUE,Welche angiologischen Beschwerden haben Sie?,1010,checkbox,Einschränkung der Gehstrecke,Einschränkung der Gehstrecke,radio/checkbox,FALSE,,#q1110
q1010,20,TRUE,Welche angiologischen Beschwerden haben Sie?,1010,checkbox,Gefühlsstörungen,Gefühlsstörungen,radio/checkbox,FALSE,,#q1184
q1010,20,TRUE,Welche angiologischen Beschwerden haben Sie?,1010,checkbox,Venenerkrankungen und Gefäßfehlbildungen,Venenerkrankungen und Gefäßfehlbildungen,radio/checkbox,FALSE,,#q1111
q1010,20,TRUE,Welche angiologischen Beschwerden haben Sie?,1010,checkbox,Ödeme,Ödeme,radio/checkbox,FALSE,,#q1112
q1010,20,TRUE,Welche angiologischen Beschwerden haben Sie?,1010,checkbox,Schmerzen,Schmerzen,radio/checkbox,FALSE,,"#q1113,#q1114,#q1115"
q1010,20,TRUE,Welche angiologischen Beschwerden haben Sie?,1010,checkbox,Wunden/Geschwüre,Wunden/Geschwüre,radio/checkbox,FALSE,,"#q1116,#q1117"
q1010,20,TRUE,Welche angiologischen Beschwerden haben Sie?,1010,checkbox,Shuntprobleme,Shuntprobleme,radio/checkbox,FALSE,,
q1010,20,TRUE,Welche angiologischen Beschwerden haben Sie?,1010_freitext,text,_ Bitte schildern Sie Ihre Beschwerden genauer,,input,FALSE,,
q1C00,21,TRUE,Fühlten Sie sich in den letzten 2 Wochen häufig traurig oder hoffnungslos?,1C00,radio,Ja,Ja,radio/checkbox,FALSE,#q1C01,
q1C00,21,TRUE,Fühlten Sie sich in den letzten 2 Wochen häufig traurig oder hoffnungslos?,1C00,radio,Nein,Nein,radio/checkbox,FALSE,#q1C01,
q1C01,22,TRUE,Hatten Sie deutlich weniger Freude an Aktivitäten?,1C01,radio,Ja,Ja,radio/checkbox,FALSE,#q1C02,
q1C01,22,TRUE,Hatten Sie deutlich weniger Freude an Aktivitäten?,1C01,radio,Nein,Nein,radio/checkbox,FALSE,#q1C02,
q1C02,23,TRUE,Fühlten Sie sich oft antriebslos oder erschöpft?,1C02,radio,Ja,Ja,radio/checkbox,FALSE,#q1C03,
q1C02,23,TRUE,Fühlten Sie sich oft antriebslos oder erschöpft?,1C02,radio,Nein,Nein,radio/checkbox,FALSE,#q1C03,
q1C03,24,TRUE,Leiden Sie unter ständiger Nervosität oder Sorgen?,1C03,radio,Ja,Ja,radio/checkbox,FALSE,#q1C04,
q1C03,24,TRUE,Leiden Sie unter ständiger Nervosität oder Sorgen?,1C03,radio,Nein,Nein,radio/checkbox,FALSE,#q1C04,
q1C04,25,TRUE,"Hatten Sie schon einmal plötzliche Angstanfälle (Herzrasen, Atemnot, Schwindel)?",1C04,radio,Ja,Ja,radio/checkbox,FALSE,#q1C05,
q1C04,25,TRUE,"Hatten Sie schon einmal plötzliche Angstanfälle (Herzrasen, Atemnot, Schwindel)?",1C04,radio,Nein,Nein,radio/checkbox,FALSE,#q1C05,
q1C05,26,TRUE,Vermeiden Sie Orte oder Situationen aus Angst?,1C05,radio,Ja,Ja,radio/checkbox,FALSE,#q1C06,
q1C05,26,TRUE,Vermeiden Sie Orte oder Situationen aus Angst?,1C05,radio,Nein,Nein,radio/checkbox,FALSE,#q1C06,
q1C06,27,TRUE,Haben Sie Ein- oder Durchschlafstörungen?,1C06,radio,Ja,Ja,radio/checkbox,FALSE,#q1C07,
q1C06,27,TRUE,Haben Sie Ein- oder Durchschlafstörungen?,1C06,radio,Nein,Nein,radio/checkbox,FALSE,#q1C07,
q1C07,28,TRUE,Fühlen Sie sich morgens unausgeruht?,1C07,radio,Ja,Ja,radio/checkbox,FALSE,#q1C08,
q1C07,28,TRUE,Fühlen Sie sich morgens unausgeruht?,1C07,radio,Nein,Nein,radio/checkbox,FALSE,#q1C08,
q1C08,29,TRUE,"Haben Sie Schwierigkeiten, sich zu konzentrieren?",1C08,radio,Ja,Ja,radio/checkbox,FALSE,#q1C09,
q1C08,29,TRUE,"Haben Sie Schwierigkeiten, sich zu konzentrieren?",1C08,radio,Nein,Nein,radio/checkbox,FALSE,#q1C09,
q1C09,30,TRUE,Vergessen Sie häufiger Dinge?,1C09,radio,Ja,Ja,radio/checkbox,FALSE,#q1C10,
q1C09,30,TRUE,Vergessen Sie häufiger Dinge?,1C09,radio,Nein,Nein,radio/checkbox,FALSE,#q1C10,
q1C10,31,TRUE,"Hören oder sehen Sie Dinge, die andere nicht wahrnehmen?",1C10,radio,Ja,Ja,radio/checkbox,FALSE,#q1C11,
q1C10,31,TRUE,"Hören oder sehen Sie Dinge, die andere nicht wahrnehmen?",1C10,radio,Nein,Nein,radio/checkbox,FALSE,#q1C11,
q1C11,32,TRUE,"Haben Sie Überzeugungen, die andere als ungewöhnlich ansehen?",1C11,radio,Ja,Ja,radio/checkbox,FALSE,#q1C12,
q1C11,32,TRUE,"Haben Sie Überzeugungen, die andere als ungewöhnlich ansehen?",1C11,radio,Nein,Nein,radio/checkbox,FALSE,#q1C12,
q1C12,33,TRUE,Trinken Sie regelmäßig Alkohol oder nehmen Sie Drogen/Medikamente außerhalb ärztlicher Vorgaben?,1C12,radio,Ja,Ja,radio/checkbox,FALSE,#q1C13,
q1C12,33,TRUE,Trinken Sie regelmäßig Alkohol oder nehmen Sie Drogen/Medikamente außerhalb ärztlicher Vorgaben?,1C12,radio,Nein,Nein,radio/checkbox,FALSE,#q1C13,
q1C13,34,TRUE,"Haben Sie das Gefühl, die Kontrolle über den Konsum zu verlieren?",1C13,radio,Ja,Ja,radio/checkbox,FALSE,#q1C14,
q1C13,34,TRUE,"Haben Sie das Gefühl, die Kontrolle über den Konsum zu verlieren?",1C13,radio,Nein,Nein,radio/checkbox,FALSE,#q1C14,
q1C14,35,TRUE,"Hatten Sie schon einmal Gedanken, nicht mehr leben zu wollen?",1C14,radio,Ja,Ja,radio/checkbox,FALSE,#q1C15,
q1C14,35,TRUE,"Hatten Sie schon einmal Gedanken, nicht mehr leben zu wollen?",1C14,radio,Nein,Nein,radio/checkbox,FALSE,#q1C15,
q1C15,36,TRUE,"Haben Sie konkrete Pläne, sich etwas anzutun?",1C15,radio,Ja,Ja,radio/checkbox,FALSE,,
q1C15,36,TRUE,"Haben Sie konkrete Pläne, sich etwas anzutun?",1C15,radio,Nein,Nein,radio/checkbox,FALSE,,
q1110,37,TRUE,Gehleistung,1110_select,select,Bitte wählen…,,select,FALSE,,
q1110,37,TRUE,Gehleistung,1110_select,select,Schmerzen beim Gehen ohne notwendige Unterbrechung,Schmerzen beim Gehen ohne notwendige Unterbrechung,select,FALSE,,
q1110,37,TRUE,Gehleistung,1110_select,select,Gehstrecke über 200 m,Gehstrecke über 200 m,select,FALSE,,
q1110,37,TRUE,Gehleistung,1110_select,select,Gehstrecke weniger als 200 m,Gehstrecke weniger als 200 m,select,FALSE,,
q1110,37,TRUE,Gehleistung,1110_select,select,Schmerzen schon nach wenigen Schritten (weniger als 50 m),Schmerzen schon nach wenigen Schritten (weniger als 50 m),select,FALSE,,
q1150,38,TRUE,Schmerzcharakter und Lokalisation,1150_qualitaet,checkbox,drückend,drückend,radio/checkbox,FALSE,,
q1150,38,TRUE,Schmerzcharakter und Lokalisation,1150_qualitaet,checkbox,beklemmend,beklemmend,radio/checkbox,FALSE,,
q1150,38,TRUE,Schmerzcharakter und Lokalisation,1150_qualitaet,checkbox,brennend,brennend,radio/checkbox,FALSE,,
q1150,38,TRUE,Schmerzcharakter und Lokalisation,1150_qualitaet,checkbox,stechend,stechend,radio/checkbox,FALSE,,
q1150,38,TRUE,Schmerzcharakter und Lokalisation,1150_ausstrahlung,checkbox,linker Arm,linker Arm,radio/checkbox,FALSE,,
q1150,38,TRUE,Schmerzcharakter und Lokalisation,1150_ausstrahlung,checkbox,rechter Arm,rechter Arm,radio/checkbox,FALSE,,
q1150,38,TRUE,Schmerzcharakter und Lokalisation,1150_ausstrahlung,checkbox,Schulter,Schulter,radio/checkbox,FALSE,,
q1150,38,TRUE,Schmerzcharakter und Lokalisation,1150_ausstrahlung,checkbox,Rücken,Rücken,radio/checkbox,FALSE,,
q1150,38,TRUE,Schmerzcharakter und Lokalisation,1150_ausstrahlung,checkbox,Hals/Kiefer,Hals/Kiefer,radio/checkbox,FALSE,,
q1150,38,TRUE,Schmerzcharakter und Lokalisation,1150_ausstrahlung,checkbox,epigastrisch,epigastrisch,radio/checkbox,FALSE,,
q1150,38,TRUE,Schmerzcharakter und Lokalisation,1150_redflags,checkbox,Anhaltender Druck >20 Minuten,Anhaltender Druck >20 Minuten,radio/checkbox,FALSE,,
q1150,38,TRUE,Schmerzcharakter und Lokalisation,1150_redflags,checkbox,rasch progredient,rasch progredient,radio/checkbox,FALSE,,
q1150,38,TRUE,Schmerzcharakter und Lokalisation,1150_redflags,checkbox,Ruheangina neu,Ruheangina neu,radio/checkbox,FALSE,,
q1150,38,TRUE,Schmerzcharakter und Lokalisation,1150_redflags,checkbox,schlimmster Schmerz,schlimmster Schmerz,radio/checkbox,FALSE,,
q1150,38,TRUE,Schmerzcharakter und Lokalisation,1150_redflags,checkbox,neu aufgetretene Dyspnoe,neu aufgetretene Dyspnoe,radio/checkbox,FALSE,,
q1150,38,TRUE,Schmerzcharakter und Lokalisation,1150_redflags,checkbox,Synkope,Synkope,radio/checkbox,FALSE,,
q1151,39,TRUE,Trigger/Provokation und Linderung,1151_trigger,checkbox,körperliche Belastung,körperliche Belastung,radio/checkbox,FALSE,,
q1151,39,TRUE,Trigger/Provokation und Linderung,1151_trigger,checkbox,emotionaler Stress,emotionaler Stress,radio/checkbox,FALSE,,
q1151,39,TRUE,Trigger/Provokation und Linderung,1151_trigger,checkbox,Kälte,Kälte,radio/checkbox,FALSE,,
q1151,39,TRUE,Trigger/Provokation und Linderung,1151_trigger,checkbox,Wind,Wind,radio/checkbox,FALSE,,
q1151,39,TRUE,Trigger/Provokation und Linderung,1151_trigger,checkbox,schwere Mahlzeiten,schwere Mahlzeiten,radio/checkbox,FALSE,,
q1151,39,TRUE,Trigger/Provokation und Linderung,1151_trigger,checkbox,Ruheangina vorhanden,Ruheangina vorhanden,radio/checkbox,FALSE,,
q1151,39,TRUE,Trigger/Provokation und Linderung,1151_trigger,checkbox,morgens in Ruhe,morgens in Ruhe,radio/checkbox,FALSE,,
q1151,39,TRUE,Trigger/Provokation und Linderung,1151_trigger,checkbox,nachts in Ruhe,nachts in Ruhe,radio/checkbox,FALSE,,
q1151,39,TRUE,Trigger/Provokation und Linderung,1151_ruhebesserung,radio,ja,ja,radio/checkbox,FALSE,,
q1151,39,TRUE,Trigger/Provokation und Linderung,1151_ruhebesserung,radio,nein,nein,radio/checkbox,FALSE,,
q1151,39,TRUE,Trigger/Provokation und Linderung,1151_ntg,radio,ja,ja,radio/checkbox,FALSE,,
q1151,39,TRUE,Trigger/Provokation und Linderung,1151_ntg,radio,nein,nein,radio/checkbox,FALSE,,
q1151,39,TRUE,Trigger/Provokation und Linderung,1151_ntg_min,number,Zeit bis Wirkung in Minuten,,input,FALSE,,
q1152,40,TRUE,Zeitprofil,1152_dauer_min,number,,,input,FALSE,,
q1152,40,TRUE,Zeitprofil,1152_verlauf_select,select,Bitte wählen…,,select,FALSE,,
q1152,40,TRUE,Zeitprofil,1152_verlauf_select,select,neu,neu,select,FALSE,,
q1152,40,TRUE,Zeitprofil,1152_verlauf_select,select,progredient,progredient,select,FALSE,,
q1152,40,TRUE,Zeitprofil,1152_verlauf_select,select,gleichbleibend,gleichbleibend,select,FALSE,,
q1152,40,TRUE,Zeitprofil,1152_erstauftreten_select,select,Bitte wählen…,,select,FALSE,,
q1152,40,TRUE,Zeitprofil,1152_erstauftreten_select,select,akut,akut,select,FALSE,,
q1152,40,TRUE,Zeitprofil,1152_erstauftreten_select,select,wenige Tage,wenige Tage,select,FALSE,,
q1152,40,TRUE,Zeitprofil,1152_erstauftreten_select,select,länger als 1 Woche,länger als 1 Woche,select,FALSE,,
q1153,41,TRUE,Begleitsymptome und nicht-ischämische Hinweise,1153_begleit,checkbox,Dyspnoe,Dyspnoe,radio/checkbox,FALSE,,
q1153,41,TRUE,Begleitsymptome und nicht-ischämische Hinweise,1153_begleit,checkbox,Schwitzen,Schwitzen,radio/checkbox,FALSE,,
q1153,41,TRUE,Begleitsymptome und nicht-ischämische Hinweise,1153_begleit,checkbox,Übelkeit/Erbrechen,Übelkeit/Erbrechen,radio/checkbox,FALSE,,
q1153,41,TRUE,Begleitsymptome und nicht-ischämische Hinweise,1153_begleit,checkbox,Schwindel/Präsynkope/Synkope,Schwindel/Präsynkope/Synkope,radio/checkbox,FALSE,,
q1153,41,TRUE,Begleitsymptome und nicht-ischämische Hinweise,1153_begleit,checkbox,Palpitationen,Palpitationen,radio/checkbox,FALSE,,
q1153,41,TRUE,Begleitsymptome und nicht-ischämische Hinweise,1153_nicht_isch,checkbox,atemabhängig,atemabhängig,radio/checkbox,FALSE,,
q1153,41,TRUE,Begleitsymptome und nicht-ischämische Hinweise,1153_nicht_isch,checkbox,lageabhängig,lageabhängig,radio/checkbox,FALSE,,
q1153,41,TRUE,Begleitsymptome und nicht-ischämische Hinweise,1153_nicht_isch,checkbox,Palpationsschmerz,Palpationsschmerz,radio/checkbox,FALSE,,
q1153,41,TRUE,Begleitsymptome und nicht-ischämische Hinweise,1153_nicht_isch,checkbox,Hustenassoziation,Hustenassoziation,radio/checkbox,FALSE,,
q1153,41,TRUE,Begleitsymptome und nicht-ischämische Hinweise,1153_nicht_isch,checkbox,Schluckassoziation,Schluckassoziation,radio/checkbox,FALSE,,
q1153,41,TRUE,Begleitsymptome und nicht-ischämische Hinweise,1153_nicht_isch,checkbox,Sodbrennen,Sodbrennen,radio/checkbox,FALSE,,
q2044,42,TRUE,Welche Asthma/COPD Probleme sind aufgetreten?,2044,checkbox,Verschlechterung der Atemfunktion,Verschlechterung der Atemfunktion,radio/checkbox,FALSE,,
q2044,42,TRUE,Welche Asthma/COPD Probleme sind aufgetreten?,2044,checkbox,Inhalationstechnik,Inhalationstechnik,radio/checkbox,FALSE,,
q2044,42,TRUE,Welche Asthma/COPD Probleme sind aufgetreten?,2044,checkbox,Nebenwirkungen,Nebenwirkungen,radio/checkbox,FALSE,,
q2044,42,TRUE,Welche Asthma/COPD Probleme sind aufgetreten?,2044,checkbox,Rauchstopp-Intervention,Rauchstopp-Intervention,radio/checkbox,FALSE,,
q2044,42,TRUE,Welche Asthma/COPD Probleme sind aufgetreten?,2044_freitext,text,_ andere Probleme,,input,FALSE,,
q2043,43,TRUE,Stoffwechselstörung,2043,checkbox,Diabeteseinstellung,Diabeteseinstellung,radio/checkbox,FALSE,,
q2043,43,TRUE,Stoffwechselstörung,2043,checkbox,Fettstoffwechseleinstellung,Fettstoffwechseleinstellung,radio/checkbox,FALSE,,
q2043,43,TRUE,Stoffwechselstörung,2043,checkbox,Überwachung/Kontrolle der Schilddrüsenfunktion,Überwachung/Kontrolle der Schilddrüsenfunktion,radio/checkbox,FALSE,,
q2043,43,TRUE,Stoffwechselstörung,2043_freitext,text,_ andere Stoffwechselerkrankungen,,input,FALSE,,
q2042,44,TRUE,Gefäßerkrankung,2042,checkbox,Aneurysma,Aneurysma,radio/checkbox,FALSE,,
q2042,44,TRUE,Gefäßerkrankung,2042,checkbox,pAVK,pAVK,radio/checkbox,FALSE,,
q2042,44,TRUE,Gefäßerkrankung,2042,checkbox,Krampfadern,Krampfadern,radio/checkbox,FALSE,,
q2042,44,TRUE,Gefäßerkrankung,2042,checkbox,Lymphödem,Lymphödem,radio/checkbox,FALSE,,
q2042,44,TRUE,Gefäßerkrankung,2042,checkbox,Lipödem,Lipödem,radio/checkbox,FALSE,,
q2042,44,TRUE,Gefäßerkrankung,2042,checkbox,Raynaud-Syndrom,Raynaud-Syndrom,radio/checkbox,FALSE,,
q2042,44,TRUE,Gefäßerkrankung,2042,checkbox,Thrombose,Thrombose,radio/checkbox,FALSE,,
q2042,44,TRUE,Gefäßerkrankung,2042,checkbox,Vaskulitis,Vaskulitis,radio/checkbox,FALSE,,
q2042,44,TRUE,Gefäßerkrankung,2042_freitext,text,_ andere Gefäßerkrankungen,,input,FALSE,,
q1111,45,TRUE,Welche der folgenden Venenbeschwerden haben Sie?,1111,checkbox,Schmerzen entlang geschlängelter Venen,Schmerzen entlang geschlängelter Venen,radio/checkbox,FALSE,,
q1111,45,TRUE,Welche der folgenden Venenbeschwerden haben Sie?,1111,checkbox,Juckreiz oder Brennen,Juckreiz oder Brennen,radio/checkbox,FALSE,,
q1111,45,TRUE,Welche der folgenden Venenbeschwerden haben Sie?,1111,checkbox,Im Tagesverlauf zunehmende Schwellneigung,Im Tagesverlauf zunehmende Schwellneigung,radio/checkbox,FALSE,,
q1111,45,TRUE,Welche der folgenden Venenbeschwerden haben Sie?,1111,checkbox,Schwere Beine,Schwere Beine,radio/checkbox,FALSE,,
q1111,45,TRUE,Welche der folgenden Venenbeschwerden haben Sie?,1111,checkbox,Optisch störend (Besenreiser),Optisch störend (Besenreiser),radio/checkbox,FALSE,,
q1111,45,TRUE,Welche der folgenden Venenbeschwerden haben Sie?,1111,checkbox,Gefäßmalformation (Blutschwamm),Gefäßmalformation (Blutschwamm),radio/checkbox,FALSE,,
q1112,46,TRUE,Wo treten die Ödeme auf?,1112,checkbox,Arme/Hände,Arme/Hände,radio/checkbox,FALSE,,
q1112,46,TRUE,Wo treten die Ödeme auf?,1112,checkbox,Gesicht,Gesicht,radio/checkbox,FALSE,,
q1112,46,TRUE,Wo treten die Ödeme auf?,1112,checkbox,Fußrücken,Fußrücken,radio/checkbox,FALSE,,
q1112,46,TRUE,Wo treten die Ödeme auf?,1112,checkbox,Knöchel,Knöchel,radio/checkbox,FALSE,,
q1112,46,TRUE,Wo treten die Ödeme auf?,1112,checkbox,Waden,Waden,radio/checkbox,FALSE,,
q1112,46,TRUE,Wo treten die Ödeme auf?,1112,checkbox,Zehen,Zehen,radio/checkbox,FALSE,,
q1113,47,TRUE,Schmerzcharakter,1113_select,select,Bitte wählen…,,select,FALSE,,
q1113,47,TRUE,Schmerzcharakter,1113_select,select,bohrend,bohrend,select,FALSE,,
q1113,47,TRUE,Schmerzcharakter,1113_select,select,brennend,brennend,select,FALSE,,
q1113,47,TRUE,Schmerzcharakter,1113_select,select,drückend,drückend,select,FALSE,,
q1113,47,TRUE,Schmerzcharakter,1113_select,select,dumpf,dumpf,select,FALSE,,
q1113,47,TRUE,Schmerzcharakter,1113_select,select,einschnürend,einschnürend,select,FALSE,,
q1113,47,TRUE,Schmerzcharakter,1113_select,select,elektrisierend,elektrisierend,select,FALSE,,
q1113,47,TRUE,Schmerzcharakter,1113_select,select,krampfartig,krampfartig,select,FALSE,,
q1113,47,TRUE,Schmerzcharakter,1113_select,select,pochend,pochend,select,FALSE,,
q1113,47,TRUE,Schmerzcharakter,1113_select,select,schneidend,schneidend,select,FALSE,,
q1113,47,TRUE,Schmerzcharakter,1113_select,select,stechend,stechend,select,FALSE,,
q1114,48,TRUE,Ordnen Sie Ihre Schmerzen auf einer Skala von 0 – 10 ein,,range,,,input,FALSE,,
q1115,49,TRUE,Schmerzlokalisation,1115,checkbox,Kopf/Gesicht,Kopf/Gesicht,radio/checkbox,FALSE,,#q1181
q1115,49,TRUE,Schmerzlokalisation,1115,checkbox,Hals/Nacken,Hals/Nacken,radio/checkbox,FALSE,,
q1115,49,TRUE,Schmerzlokalisation,1115,checkbox,Brustkorb/Thorax,Brustkorb/Thorax,radio/checkbox,FALSE,,
q1115,49,TRUE,Schmerzlokalisation,1115,checkbox,Bauch/Abdomen,Bauch/Abdomen,radio/checkbox,FALSE,,#q1131
q1115,49,TRUE,Schmerzlokalisation,1115,checkbox,Lenden-/Kreuzbereich,Lenden-/Kreuzbereich,radio/checkbox,FALSE,,#q1175
q1115,49,TRUE,Schmerzlokalisation,1115,checkbox,Becken/Genitalbereich,Becken/Genitalbereich,radio/checkbox,FALSE,,
q1115,49,TRUE,Schmerzlokalisation,1115,checkbox,Schulter/Arm,Schulter/Arm,radio/checkbox,FALSE,,#q1171
q1115,49,TRUE,Schmerzlokalisation,1115,checkbox,Hand/Finger,Hand/Finger,radio/checkbox,FALSE,,#q1171
q1115,49,TRUE,Schmerzlokalisation,1115,checkbox,Hüfte/Oberschenkel,Hüfte/Oberschenkel,radio/checkbox,FALSE,,#q1171
q1115,49,TRUE,Schmerzlokalisation,1115,checkbox,Knie/Unterschenkel,Knie/Unterschenkel,radio/checkbox,FALSE,,#q1171
q1115,49,TRUE,Schmerzlokalisation,1115,checkbox,Fuß/Zehen,Fuß/Zehen,radio/checkbox,FALSE,,
q1115,49,TRUE,Schmerzlokalisation,1115,checkbox,diffus/ganzer Körper,diffus/ganzer Körper,radio/checkbox,FALSE,,
q1115,49,TRUE,Schmerzlokalisation,1115_freitext,text,_ machen Sie weitere Angaben z.B. über Ausstrahlung,,input,FALSE,,
q1080,50,TRUE,Welche neurologischen Beeinträchtigungen haben Sie?,1080,checkbox,Kopfschmerzen,Kopfschmerzen,radio/checkbox,FALSE,,"#q1181,#q1182,#q1183"
q1080,50,TRUE,Welche neurologischen Beeinträchtigungen haben Sie?,1080,checkbox,Gefühlsstörungen,Gefühlsstörungen,radio/checkbox,FALSE,,#q1184
q1080,50,TRUE,Welche neurologischen Beeinträchtigungen haben Sie?,1080,checkbox,Kontrollverlust,Kontrollverlust,radio/checkbox,FALSE,,#q1185
q1080,50,TRUE,Welche neurologischen Beeinträchtigungen haben Sie?,1080,checkbox,Gleichgewicht/Schwindel,Gleichgewicht/Schwindel,radio/checkbox,FALSE,,"#q1186,#q1187,#q1188,#q1189"
q1080,50,TRUE,Welche neurologischen Beeinträchtigungen haben Sie?,1080,checkbox,Konzentration/Merkfähigkeit,Konzentration/Merkfähigkeit,radio/checkbox,FALSE,,#q1190
q1181,51,TRUE,Was kennzeichnet den Kopfschmerz?,1181,checkbox,"Fieber, Nackensteife oder Bewusstseinsstörungen","Fieber, Nackensteife oder Bewusstseinsstörungen",radio/checkbox,FALSE,,
q1181,51,TRUE,Was kennzeichnet den Kopfschmerz?,1181,checkbox,Halbseitenkopfschmerz,Halbseitenkopfschmerz,radio/checkbox,FALSE,,
q1181,51,TRUE,Was kennzeichnet den Kopfschmerz?,1181,checkbox,Hinterhauptschmerz,Hinterhauptschmerz,radio/checkbox,FALSE,,
q1181,51,TRUE,Was kennzeichnet den Kopfschmerz?,1181,checkbox,Krampfanfälle,Krampfanfälle,radio/checkbox,FALSE,,
q1181,51,TRUE,Was kennzeichnet den Kopfschmerz?,1181,checkbox,Kopfschmerz nach Trauma,Kopfschmerz nach Trauma,radio/checkbox,FALSE,,
q1181,51,TRUE,Was kennzeichnet den Kopfschmerz?,1181,checkbox,Licht- oder Lärmempfindlichkeit während des Schmerzes,Licht- oder Lärmempfindlichkeit während des Schmerzes,radio/checkbox,FALSE,,
q1181,51,TRUE,Was kennzeichnet den Kopfschmerz?,1181,checkbox,"Plötzlicher, heftigster Kopfschmerz (Donnerschlagkopfschmerz)","Plötzlicher, heftigster Kopfschmerz (Donnerschlagkopfschmerz)",radio/checkbox,FALSE,,
q1181,51,TRUE,Was kennzeichnet den Kopfschmerz?,1181,checkbox,"Sehstörungen, Sprachstörungen oder Lähmungserscheinungen","Sehstörungen, Sprachstörungen oder Lähmungserscheinungen",radio/checkbox,FALSE,,
q1181,51,TRUE,Was kennzeichnet den Kopfschmerz?,1181,checkbox,Spannungsgefühl,Spannungsgefühl,radio/checkbox,FALSE,,
q1181,51,TRUE,Was kennzeichnet den Kopfschmerz?,1181,checkbox,Stirnkopfschmerz,Stirnkopfschmerz,radio/checkbox,FALSE,,
q1181,51,TRUE,Was kennzeichnet den Kopfschmerz?,1181,checkbox,Schläfenschmerz,Schläfenschmerz,radio/checkbox,FALSE,,
q1181,51,TRUE,Was kennzeichnet den Kopfschmerz?,1181,checkbox,Übelkeit und Erbrechen,Übelkeit und Erbrechen,radio/checkbox,FALSE,,
q1182,52,TRUE,Schmerzcharakter,1182_select,select,Bitte wählen…,,select,FALSE,,
q1182,52,TRUE,Schmerzcharakter,1182_select,select,bohrend,bohrend,select,FALSE,,
q1182,52,TRUE,Schmerzcharakter,1182_select,select,drückend,drückend,select,FALSE,,
q1182,52,TRUE,Schmerzcharakter,1182_select,select,dumpf,dumpf,select,FALSE,,
q1182,52,TRUE,Schmerzcharakter,1182_select,select,pochend,pochend,select,FALSE,,
q1182,52,TRUE,Schmerzcharakter,1182_select,select,stechend,stechend,select,FALSE,,
q1183,53,TRUE,Ordnen Sie Ihre Schmerzen auf einer Skala von 0 – 10 ein,,range,,,input,FALSE,,
q1184,54,TRUE,Beschreiben Sie die Gefühlsstörungen,1184,checkbox,herabgesetzte Empfindung,herabgesetzte Empfindung,radio/checkbox,FALSE,,
q1184,54,TRUE,Beschreiben Sie die Gefühlsstörungen,1184,checkbox,vollständiger Empfindungsausfall/Taubheitsgefühl,vollständiger Empfindungsausfall/Taubheitsgefühl,radio/checkbox,FALSE,,
q1184,54,TRUE,Beschreiben Sie die Gefühlsstörungen,1184,checkbox,übersteigerte Empfindlichkeit,übersteigerte Empfindlichkeit,radio/checkbox,FALSE,,
q1184,54,TRUE,Beschreiben Sie die Gefühlsstörungen,1184,checkbox,unangenehm veränderte Wahrnehmung (z. B. Berührung schmerzhaft),unangenehm veränderte Wahrnehmung (z. B. Berührung schmerzhaft),radio/checkbox,FALSE,,
q1184,54,TRUE,Beschreiben Sie die Gefühlsstörungen,1184,checkbox,"Missempfindungen ohne adäquaten Reiz (Kribbeln, Ameisenlaufen)","Missempfindungen ohne adäquaten Reiz (Kribbeln, Ameisenlaufen)",radio/checkbox,FALSE,,
q1184,54,TRUE,Beschreiben Sie die Gefühlsstörungen,1184,checkbox,übermäßiges Schmerzempfinden durch normalerweise nicht schmerzhafte Reize,übermäßiges Schmerzempfinden durch normalerweise nicht schmerzhafte Reize,radio/checkbox,FALSE,,
q1185,55,TRUE,Welche Kontrollstörungen haben Sie?,1185,checkbox,Bewusstseinsverlust,Bewusstseinsverlust,radio/checkbox,FALSE,,
q1185,55,TRUE,Welche Kontrollstörungen haben Sie?,1185,checkbox,Gang- und Standunsicherheit,Gang- und Standunsicherheit,radio/checkbox,FALSE,,
q1185,55,TRUE,Welche Kontrollstörungen haben Sie?,1185,checkbox,Harn- und/oder Stuhlinkontinenz,Harn- und/oder Stuhlinkontinenz,radio/checkbox,FALSE,,
q1185,55,TRUE,Welche Kontrollstörungen haben Sie?,1185,checkbox,Impulskontrollverlust/Enthemmung,Impulskontrollverlust/Enthemmung,radio/checkbox,FALSE,,
q1185,55,TRUE,Welche Kontrollstörungen haben Sie?,1185,checkbox,Lähmungserscheinungen,Lähmungserscheinungen,radio/checkbox,FALSE,,
q1185,55,TRUE,Welche Kontrollstörungen haben Sie?,1185,checkbox,Sprachkontrollverlust,Sprachkontrollverlust,radio/checkbox,FALSE,,
q1186,56,TRUE,Art des Schwindels,1186,checkbox,Drehschwindel (wie im Karussell),Drehschwindel (wie im Karussell),radio/checkbox,FALSE,,
q1186,56,TRUE,Art des Schwindels,1186,checkbox,Liftschwindel (wie im Aufzug),Liftschwindel (wie im Aufzug),radio/checkbox,FALSE,,
q1186,56,TRUE,Art des Schwindels,1186,checkbox,Schwankschwindel (wie auf einem Schiff),Schwankschwindel (wie auf einem Schiff),radio/checkbox,FALSE,,
q1186,56,TRUE,Art des Schwindels,1186,checkbox,Benommenheit,Benommenheit,radio/checkbox,FALSE,,
q1186,56,TRUE,Art des Schwindels,1186,checkbox,Schwarzwerden vor den Augen,Schwarzwerden vor den Augen,radio/checkbox,FALSE,,
q1186,56,TRUE,Art des Schwindels,1186,checkbox,Unsicher auf den Beinen,Unsicher auf den Beinen,radio/checkbox,FALSE,,
q1186,56,TRUE,Art des Schwindels,1186,checkbox,Wie auf Watte gehen,Wie auf Watte gehen,radio/checkbox,FALSE,,
q1187,57,TRUE,Was löst Ihren Schwindel aus?,1187,checkbox,Dunkelheit,Dunkelheit,radio/checkbox,FALSE,,
q1187,57,TRUE,Was löst Ihren Schwindel aus?,1187,checkbox,Flackerlicht,Flackerlicht,radio/checkbox,FALSE,,
q1187,57,TRUE,Was löst Ihren Schwindel aus?,1187,checkbox,Lagewechsel (z. B. Aufstehen),Lagewechsel (z. B. Aufstehen),radio/checkbox,FALSE,,
q1187,57,TRUE,Was löst Ihren Schwindel aus?,1187,checkbox,Lärm,Lärm,radio/checkbox,FALSE,,
q1187,57,TRUE,Was löst Ihren Schwindel aus?,1187,checkbox,Kopfbewegungen,Kopfbewegungen,radio/checkbox,FALSE,,
q1187,57,TRUE,Was löst Ihren Schwindel aus?,1187,checkbox,körperliche Anstrengung,körperliche Anstrengung,radio/checkbox,FALSE,,
q1187,57,TRUE,Was löst Ihren Schwindel aus?,1187,checkbox,Stress/Schlafmangel,Stress/Schlafmangel,radio/checkbox,FALSE,,
q1187,57,TRUE,Was löst Ihren Schwindel aus?,1187,checkbox,Überkopfarbeiten,Überkopfarbeiten,radio/checkbox,FALSE,,
q1187,57,TRUE,Was löst Ihren Schwindel aus?,1187_freitext,text,_ sonstige z.B. bestimmte Nahrungsmittel,,input,FALSE,,
q1188,58,TRUE,Auftreten und Dauer des Schwindels?,1188,checkbox,Plötzlich einsetzend,Plötzlich einsetzend,radio/checkbox,FALSE,,
q1188,58,TRUE,Auftreten und Dauer des Schwindels?,1188,checkbox,"Langsam, allmählich, schleichend","Langsam, allmählich, schleichend",radio/checkbox,FALSE,,
q1188,58,TRUE,Auftreten und Dauer des Schwindels?,1188,checkbox,Sekunden bis Minuten,Sekunden bis Minuten,radio/checkbox,FALSE,,
q1188,58,TRUE,Auftreten und Dauer des Schwindels?,1188,checkbox,Minuten bis Stunden,Minuten bis Stunden,radio/checkbox,FALSE,,
q1188,58,TRUE,Auftreten und Dauer des Schwindels?,1188,checkbox,Mehrere Tage,Mehrere Tage,radio/checkbox,FALSE,,
q1188,58,TRUE,Auftreten und Dauer des Schwindels?,1188,checkbox,Wochen bis Monate,Wochen bis Monate,radio/checkbox,FALSE,,
q1188,58,TRUE,Auftreten und Dauer des Schwindels?,1188,checkbox,Schwindelattacken,Schwindelattacken,radio/checkbox,FALSE,,
q1188,58,TRUE,Auftreten und Dauer des Schwindels?,1188,checkbox,Dauerschwindel,Dauerschwindel,radio/checkbox,FALSE,,
q1189,59,TRUE,Was begleitet den Schwindel?,1189,checkbox,Bewusstseinsverlust,Bewusstseinsverlust,radio/checkbox,FALSE,,
q1189,59,TRUE,Was begleitet den Schwindel?,1189,checkbox,Gefühlsstörungen,Gefühlsstörungen,radio/checkbox,FALSE,,
q1189,59,TRUE,Was begleitet den Schwindel?,1189,checkbox,Herzrasen,Herzrasen,radio/checkbox,FALSE,,
q1189,59,TRUE,Was begleitet den Schwindel?,1189,checkbox,Hörminderung,Hörminderung,radio/checkbox,FALSE,,
q1189,59,TRUE,Was begleitet den Schwindel?,1189,checkbox,Kopfschmerzen,Kopfschmerzen,radio/checkbox,FALSE,,
q1189,59,TRUE,Was begleitet den Schwindel?,1189,checkbox,Kribbelmissempfindungen,Kribbelmissempfindungen,radio/checkbox,FALSE,,
q1189,59,TRUE,Was begleitet den Schwindel?,1189,checkbox,Lähmungen,Lähmungen,radio/checkbox,FALSE,,
q1189,59,TRUE,Was begleitet den Schwindel?,1189,checkbox,Nystagmus/Augenpendeln,Nystagmus/Augenpendeln,radio/checkbox,FALSE,,
q1189,59,TRUE,Was begleitet den Schwindel?,1189,checkbox,Ohrgeräusche,Ohrgeräusche,radio/checkbox,FALSE,,
q1189,59,TRUE,Was begleitet den Schwindel?,1189,checkbox,Sprachstörungen,Sprachstörungen,radio/checkbox,FALSE,,
q1189,59,TRUE,Was begleitet den Schwindel?,1189,checkbox,Schweißausbruch,Schweißausbruch,radio/checkbox,FALSE,,
q1189,59,TRUE,Was begleitet den Schwindel?,1189,checkbox,Verwirrtheit,Verwirrtheit,radio/checkbox,FALSE,,
q1090,60,TRUE,Welche urologischen/gynäkologischen Störungen treten auf?,1090,checkbox,Schwangerschaftsprobleme,Schwangerschaftsprobleme,radio/checkbox,FALSE,,
q1090,60,TRUE,Welche urologischen/gynäkologischen Störungen treten auf?,1090,checkbox,Abschwächung oder erschwertes Wasserlassen,Abschwächung oder erschwertes Wasserlassen,radio/checkbox,FALSE,,
q1090,60,TRUE,Welche urologischen/gynäkologischen Störungen treten auf?,1090,checkbox,Blutiger Urin,Blutiger Urin,radio/checkbox,FALSE,,
q1090,60,TRUE,Welche urologischen/gynäkologischen Störungen treten auf?,1090,checkbox,Brennen beim Wasserlassen,Brennen beim Wasserlassen,radio/checkbox,FALSE,,
q1090,60,TRUE,Welche urologischen/gynäkologischen Störungen treten auf?,1090,checkbox,Dranginkontinenz,Dranginkontinenz,radio/checkbox,FALSE,,
q1090,60,TRUE,Welche urologischen/gynäkologischen Störungen treten auf?,1090,checkbox,Erektionsstörungen,Erektionsstörungen,radio/checkbox,FALSE,,
q1090,60,TRUE,Welche urologischen/gynäkologischen Störungen treten auf?,1090,checkbox,Harndrang,Harndrang,radio/checkbox,FALSE,,
q1090,60,TRUE,Welche urologischen/gynäkologischen Störungen treten auf?,1090,checkbox,Häufiges Wasserlassen in kleinen Mengen,Häufiges Wasserlassen in kleinen Mengen,radio/checkbox,FALSE,,
q1090,60,TRUE,Welche urologischen/gynäkologischen Störungen treten auf?,1090,checkbox,Hodenbeschwerden,Hodenbeschwerden,radio/checkbox,FALSE,,
q1090,60,TRUE,Welche urologischen/gynäkologischen Störungen treten auf?,1090,checkbox,Nierenkolik,Nierenkolik,radio/checkbox,FALSE,,
q1090,60,TRUE,Welche urologischen/gynäkologischen Störungen treten auf?,1090,checkbox,Restharngefühl,Restharngefühl,radio/checkbox,FALSE,,
q1090,60,TRUE,Welche urologischen/gynäkologischen Störungen treten auf?,1090,checkbox,Retrograder Samenerguss,Retrograder Samenerguss,radio/checkbox,FALSE,,
q1090,60,TRUE,Welche urologischen/gynäkologischen Störungen treten auf?,1090,checkbox,Sekretion der Harnröhre,Sekretion der Harnröhre,radio/checkbox,FALSE,,
q1090,60,TRUE,Welche urologischen/gynäkologischen Störungen treten auf?,1090,checkbox,Übelriechender Urin,Übelriechender Urin,radio/checkbox,FALSE,,
q1090,60,TRUE,Welche urologischen/gynäkologischen Störungen treten auf?,1090,checkbox,Varikozele/Hodenkrampfader,Varikozele/Hodenkrampfader,radio/checkbox,FALSE,,
q1090,60,TRUE,Welche urologischen/gynäkologischen Störungen treten auf?,1090,checkbox,häufiges nächtliches Wasserlassen,häufiges nächtliches Wasserlassen,radio/checkbox,FALSE,,
q1090,60,TRUE,Welche urologischen/gynäkologischen Störungen treten auf?,1090,checkbox,Schwangerschaftsprobleme,Schwangerschaftsprobleme,radio/checkbox,FALSE,,
q1090,60,TRUE,Welche urologischen/gynäkologischen Störungen treten auf?,1090,checkbox,Abschwächung oder erschwertes Wasserlassen,Abschwächung oder erschwertes Wasserlassen,radio/checkbox,FALSE,,
q1090,60,TRUE,Welche urologischen/gynäkologischen Störungen treten auf?,1090,checkbox,Blutiger Urin,Blutiger Urin,radio/checkbox,FALSE,,
q1090,60,TRUE,Welche urologischen/gynäkologischen Störungen treten auf?,1090,checkbox,Brennen beim Wasserlassen,Brennen beim Wasserlassen,radio/checkbox,FALSE,,
q1090,60,TRUE,Welche urologischen/gynäkologischen Störungen treten auf?,1090,checkbox,Dranginkontinenz,Dranginkontinenz,radio/checkbox,FALSE,,
q1090,60,TRUE,Welche urologischen/gynäkologischen Störungen treten auf?,1090,checkbox,Harndrang,Harndrang,radio/checkbox,FALSE,,
q1090,60,TRUE,Welche urologischen/gynäkologischen Störungen treten auf?,1090,checkbox,Häufiges Wasserlassen in kleinen Mengen,Häufiges Wasserlassen in kleinen Mengen,radio/checkbox,FALSE,,
q1090,60,TRUE,Welche urologischen/gynäkologischen Störungen treten auf?,1090,checkbox,klimakterische Beschwerden,klimakterische Beschwerden,radio/checkbox,FALSE,,
q1090,60,TRUE,Welche urologischen/gynäkologischen Störungen treten auf?,1090,checkbox,Nierenkolik,Nierenkolik,radio/checkbox,FALSE,,
q1090,60,TRUE,Welche urologischen/gynäkologischen Störungen treten auf?,1090,checkbox,Restharngefühl,Restharngefühl,radio/checkbox,FALSE,,
q1090,60,TRUE,Welche urologischen/gynäkologischen Störungen treten auf?,1090,checkbox,Übelriechender Urin,Übelriechender Urin,radio/checkbox,FALSE,,
q1090,60,TRUE,Welche urologischen/gynäkologischen Störungen treten auf?,1090,checkbox,Zyklusstörungen,Zyklusstörungen,radio/checkbox,FALSE,,
q1090,60,TRUE,Welche urologischen/gynäkologischen Störungen treten auf?,1090,checkbox,Vaginaler Ausfluss,Vaginaler Ausfluss,radio/checkbox,FALSE,,
q1090,60,TRUE,Welche urologischen/gynäkologischen Störungen treten auf?,1090,checkbox,Juckreiz im Genitalbereich,Juckreiz im Genitalbereich,radio/checkbox,FALSE,,
q1090,60,TRUE,Welche urologischen/gynäkologischen Störungen treten auf?,1090,checkbox,Dyspareunie (Schmerzen beim Geschlechtsverkehr),Dyspareunie (Schmerzen beim Geschlechtsverkehr),radio/checkbox,FALSE,,
q1090,60,TRUE,Welche urologischen/gynäkologischen Störungen treten auf?,1090,checkbox,Postmenopausale Blutung,Postmenopausale Blutung,radio/checkbox,FALSE,,
q1090,60,TRUE,Welche urologischen/gynäkologischen Störungen treten auf?,1090,checkbox,Zwischenblutungen,Zwischenblutungen,radio/checkbox,FALSE,,
q1090,60,TRUE,Welche urologischen/gynäkologischen Störungen treten auf?,1090,checkbox,starke oder verlängerte Regelblutungen,starke oder verlängerte Regelblutungen,radio/checkbox,FALSE,,
q1090,60,TRUE,Welche urologischen/gynäkologischen Störungen treten auf?,1090,checkbox,schmerzhafte Menstruation,schmerzhafte Menstruation,radio/checkbox,FALSE,,
q1090,60,TRUE,Welche urologischen/gynäkologischen Störungen treten auf?,1090,checkbox,häufiges nächtliches Wasserlassen,häufiges nächtliches Wasserlassen,radio/checkbox,FALSE,,
q1090,60,TRUE,Welche urologischen/gynäkologischen Störungen treten auf?,1090,checkbox,Schwangerschaftsprobleme,Schwangerschaftsprobleme,radio/checkbox,FALSE,,
q1090,60,TRUE,Welche urologischen/gynäkologischen Störungen treten auf?,1090,checkbox,Abschwächung oder erschwertes Wasserlassen,Abschwächung oder erschwertes Wasserlassen,radio/checkbox,FALSE,,
q1090,60,TRUE,Welche urologischen/gynäkologischen Störungen treten auf?,1090,checkbox,Blutiger Urin,Blutiger Urin,radio/checkbox,FALSE,,
q1090,60,TRUE,Welche urologischen/gynäkologischen Störungen treten auf?,1090,checkbox,Brennen beim Wasserlassen,Brennen beim Wasserlassen,radio/checkbox,FALSE,,
q1090,60,TRUE,Welche urologischen/gynäkologischen Störungen treten auf?,1090,checkbox,Dranginkontinenz,Dranginkontinenz,radio/checkbox,FALSE,,
q1090,60,TRUE,Welche urologischen/gynäkologischen Störungen treten auf?,1090,checkbox,Erektionsstörungen,Erektionsstörungen,radio/checkbox,FALSE,,
q1090,60,TRUE,Welche urologischen/gynäkologischen Störungen treten auf?,1090,checkbox,Harndrang,Harndrang,radio/checkbox,FALSE,,
q1090,60,TRUE,Welche urologischen/gynäkologischen Störungen treten auf?,1090,checkbox,Häufiges Wasserlassen in kleinen Mengen,Häufiges Wasserlassen in kleinen Mengen,radio/checkbox,FALSE,,
q1090,60,TRUE,Welche urologischen/gynäkologischen Störungen treten auf?,1090,checkbox,Hodenbeschwerden,Hodenbeschwerden,radio/checkbox,FALSE,,
q1090,60,TRUE,Welche urologischen/gynäkologischen Störungen treten auf?,1090,checkbox,Nierenkolik,Nierenkolik,radio/checkbox,FALSE,,
q1090,60,TRUE,Welche urologischen/gynäkologischen Störungen treten auf?,1090,checkbox,Restharngefühl,Restharngefühl,radio/checkbox,FALSE,,
q1090,60,TRUE,Welche urologischen/gynäkologischen Störungen treten auf?,1090,checkbox,Retrograder Samenerguss,Retrograder Samenerguss,radio/checkbox,FALSE,,
q1090,60,TRUE,Welche urologischen/gynäkologischen Störungen treten auf?,1090,checkbox,Sekretion der Harnröhre,Sekretion der Harnröhre,radio/checkbox,FALSE,,
q1090,60,TRUE,Welche urologischen/gynäkologischen Störungen treten auf?,1090,checkbox,Übelriechender Urin,Übelriechender Urin,radio/checkbox,FALSE,,
q1090,60,TRUE,Welche urologischen/gynäkologischen Störungen treten auf?,1090,checkbox,Varikozele/Hodenkrampfader,Varikozele/Hodenkrampfader,radio/checkbox,FALSE,,
q1090,60,TRUE,Welche urologischen/gynäkologischen Störungen treten auf?,1090,checkbox,häufiges nächtliches Wasserlassen,häufiges nächtliches Wasserlassen,radio/checkbox,FALSE,,
q1090,60,TRUE,Welche urologischen/gynäkologischen Störungen treten auf?,1090,checkbox,klimakterische Beschwerden,klimakterische Beschwerden,radio/checkbox,FALSE,,
q1090,60,TRUE,Welche urologischen/gynäkologischen Störungen treten auf?,1090,checkbox,Zyklusstörungen,Zyklusstörungen,radio/checkbox,FALSE,,
q1090,60,TRUE,Welche urologischen/gynäkologischen Störungen treten auf?,1090,checkbox,Vaginaler Ausfluss,Vaginaler Ausfluss,radio/checkbox,FALSE,,
q1090,60,TRUE,Welche urologischen/gynäkologischen Störungen treten auf?,1090,checkbox,Juckreiz im Genitalbereich,Juckreiz im Genitalbereich,radio/checkbox,FALSE,,
q1090,60,TRUE,Welche urologischen/gynäkologischen Störungen treten auf?,1090,checkbox,Dyspareunie (Schmerzen beim Geschlechtsverkehr),Dyspareunie (Schmerzen beim Geschlechtsverkehr),radio/checkbox,FALSE,,
q1090,60,TRUE,Welche urologischen/gynäkologischen Störungen treten auf?,1090,checkbox,Postmenopausale Blutung,Postmenopausale Blutung,radio/checkbox,FALSE,,
q1090,60,TRUE,Welche urologischen/gynäkologischen Störungen treten auf?,1090,checkbox,Zwischenblutungen,Zwischenblutungen,radio/checkbox,FALSE,,
q1090,60,TRUE,Welche urologischen/gynäkologischen Störungen treten auf?,1090,checkbox,starke oder verlängerte Regelblutungen,starke oder verlängerte Regelblutungen,radio/checkbox,FALSE,,
q1090,60,TRUE,Welche urologischen/gynäkologischen Störungen treten auf?,1090,checkbox,schmerzhafte Menstruation,schmerzhafte Menstruation,radio/checkbox,FALSE,,
q1290,61,TRUE,Schwangerschaft – Akute Beschwerden/Red Flags,1290_flags,checkbox,Vaginale Blutung,Vaginale Blutung,radio/checkbox,FALSE,,
q1290,61,TRUE,Schwangerschaft – Akute Beschwerden/Red Flags,1290_flags,checkbox,starke Unterbauchschmerzen/Wehen vor SSW 37,Unterbauchschmerzen/Wehen <37 SSW,radio/checkbox,FALSE,,
q1290,61,TRUE,Schwangerschaft – Akute Beschwerden/Red Flags,1290_flags,checkbox,Flüssigkeitsabgang (Verdacht Blasensprung),Flüssigkeitsabgang,radio/checkbox,FALSE,,
q1290,61,TRUE,Schwangerschaft – Akute Beschwerden/Red Flags,1290_flags,checkbox,Deutlich weniger/keine Kindsbewegungen ab SSW 24,Weniger/keine Kindsbewegungen ab 24 SSW,radio/checkbox,FALSE,,
q1290,61,TRUE,Schwangerschaft – Akute Beschwerden/Red Flags,1290_flags,checkbox,Starke Kopfschmerzen,Starke Kopfschmerzen,radio/checkbox,FALSE,,
q1290,61,TRUE,Schwangerschaft – Akute Beschwerden/Red Flags,1290_flags,checkbox,Sehstörungen,Sehstörungen,radio/checkbox,FALSE,,
q1290,61,TRUE,Schwangerschaft – Akute Beschwerden/Red Flags,1290_flags,checkbox,plötzliche Ödeme,plötzliche Ödeme,radio/checkbox,FALSE,,
q1290,61,TRUE,Schwangerschaft – Akute Beschwerden/Red Flags,1290_flags,checkbox,Symphysenschmerz,Symphysenschmerz,radio/checkbox,FALSE,,
q1290,61,TRUE,Schwangerschaft – Akute Beschwerden/Red Flags,1290_flags,checkbox,Sodbrennen,Sodbrennen,radio/checkbox,FALSE,,
q1290,61,TRUE,Schwangerschaft – Akute Beschwerden/Red Flags,1290_flags,checkbox,Hämorrhoiden,Hämorrhoiden,radio/checkbox,FALSE,,
q1390,62,TRUE,Schwangerschaft – Vorgeschichte,1390_gravida,number,z. B. 2,,input,FALSE,,
q1390,62,TRUE,Schwangerschaft – Vorgeschichte,1390_abortus,number,z. B. 1,,input,FALSE,,
q1390,62,TRUE,Schwangerschaft – Vorgeschichte,1390_preterm,number,z. B. 0,,input,FALSE,,
q1390,62,TRUE,Schwangerschaft – Vorgeschichte,1390_sectio,radio,Ja,ja,radio/checkbox,FALSE,,
q1390,62,TRUE,Schwangerschaft – Vorgeschichte,1390_sectio,radio,Nein,nein,radio/checkbox,FALSE,,
q1390,62,TRUE,Schwangerschaft – Vorgeschichte,1390_preeclampsia,radio,Ja,ja,radio/checkbox,FALSE,,
q1390,62,TRUE,Schwangerschaft – Vorgeschichte,1390_preeclampsia,radio,Nein,nein,radio/checkbox,FALSE,,
q1390,62,TRUE,Schwangerschaft – Vorgeschichte,1390_gdm,radio,Ja,ja,radio/checkbox,FALSE,,
q1390,62,TRUE,Schwangerschaft – Vorgeschichte,1390_gdm,radio,Nein,nein,radio/checkbox,FALSE,,
q1390,62,TRUE,Schwangerschaft – Vorgeschichte,1390_rh,radio,Ja,ja,radio/checkbox,FALSE,,
q1390,62,TRUE,Schwangerschaft – Vorgeschichte,1390_rh,radio,Nein,nein,radio/checkbox,FALSE,,
q1190,63,TRUE,Zyklus – Basisdaten,1190_menarche_j,number,z. B. 12,,input,FALSE,,
q1190,63,TRUE,Zyklus – Basisdaten,1190_lmp,date,,,input,FALSE,,
q1191,64,TRUE,Zyklus – Üblicher Zyklus,1191_flags,checkbox,Länge 24–38 Tage,Laenge 24–38 Tage,radio/checkbox,FALSE,,
q1191,64,TRUE,Zyklus – Üblicher Zyklus,1191_flags,checkbox,Schwankung >7–9 Tage,Schwankung >7–9 Tage,radio/checkbox,FALSE,,
q1191,64,TRUE,Zyklus – Üblicher Zyklus,1191_flags,checkbox,Dauer der Blutung >8 Tage,Dauer >8 Tage,radio/checkbox,FALSE,,
q1192,65,TRUE,Zyklus – Aktuell,1192_aktuell,checkbox,Amenorrhö,Amenorrhoe,radio/checkbox,FALSE,,
q1192,65,TRUE,Zyklus – Aktuell,1192_aktuell,checkbox,Polymenorrhö,Polymenorrhoe,radio/checkbox,FALSE,,
q1192,65,TRUE,Zyklus – Aktuell,1192_aktuell,checkbox,Zwischen-/Kontaktblutungen,Zwischen-/Kontaktblutungen,radio/checkbox,FALSE,,
q1192,65,TRUE,Zyklus – Aktuell,1192_aktuell,checkbox,postkoitale Blutung,postkoitale Blutung,radio/checkbox,FALSE,,
q1192,65,TRUE,Zyklus – Aktuell,1192_aktuell,checkbox,Intrauterinpessar vorhanden,IUP vorhanden,radio/checkbox,FALSE,,
q1192,65,TRUE,Zyklus – Aktuell,1192_aktuell,checkbox,Schwangerschaft möglich,Schwangerschaft moeglich,radio/checkbox,FALSE,,
q1193,66,TRUE,Zyklus – Blutungsstärke,1193_pads_per_day,number,z. B. 6,,input,FALSE,,
q1193,66,TRUE,Zyklus – Blutungsstärke,1193_flags,checkbox,nächtliches Wechseln erforderlich,naechtliches Wechseln erforderlich,radio/checkbox,FALSE,,
q1193,66,TRUE,Zyklus – Blutungsstärke,1193_flags,checkbox,Koagel >2–3 cm,Koagel >2–3 cm,radio/checkbox,FALSE,,
q1194,67,TRUE,Zyklus – Vorgeschichte,1194_geburten,number,z. B. 0,,input,FALSE,,
q1194,67,TRUE,Zyklus – Vorgeschichte,1194_abbrueche,number,z. B. 0,,input,FALSE,,
q1194,67,TRUE,Zyklus – Vorgeschichte,1194_ops,text,z. B. Konisation 2021,,input,FALSE,,
q1194,67,TRUE,Zyklus – Vorgeschichte,1194_myome,radio,Ja,ja,radio/checkbox,FALSE,,
q1194,67,TRUE,Zyklus – Vorgeschichte,1194_myome,radio,Nein,nein,radio/checkbox,FALSE,,
q1194,67,TRUE,Zyklus – Vorgeschichte,1194_endo,radio,Ja,ja,radio/checkbox,FALSE,,
q1194,67,TRUE,Zyklus – Vorgeschichte,1194_endo,radio,Nein,nein,radio/checkbox,FALSE,,
q1194,67,TRUE,Zyklus – Vorgeschichte,1194_pcos,radio,Ja,ja,radio/checkbox,FALSE,,
q1194,67,TRUE,Zyklus – Vorgeschichte,1194_pcos,radio,Nein,nein,radio/checkbox,FALSE,,
q1070,68,TRUE,Wo bestehen Beschwerden im Bewegungsapparat?,1070,checkbox,Gelenke,Gelenke,radio/checkbox,FALSE,,#q1171
q1070,68,TRUE,Wo bestehen Beschwerden im Bewegungsapparat?,1070,checkbox,Muskeln,Muskeln,radio/checkbox,FALSE,,#q1174
q1070,68,TRUE,Wo bestehen Beschwerden im Bewegungsapparat?,1070,checkbox,Wirbelsäule,Wirbelsäule,radio/checkbox,FALSE,,#q1175
q1116,69,TRUE,Wo befinden sich die Wunden?,1116,checkbox,Fuß,Fuß,radio/checkbox,FALSE,,
q1116,69,TRUE,Wo befinden sich die Wunden?,1116,checkbox,Hand,Hand,radio/checkbox,FALSE,,
q1116,69,TRUE,Wo befinden sich die Wunden?,1116,checkbox,Rumpf,Rumpf,radio/checkbox,FALSE,,
q1116,69,TRUE,Wo befinden sich die Wunden?,1116,checkbox,Unterschenkel,Unterschenkel,radio/checkbox,FALSE,,
q1116,69,TRUE,Wo befinden sich die Wunden?,1003,checkbox,keine,keine,radio/checkbox,FALSE,,#q1004
q1116,69,TRUE,Wo befinden sich die Wunden?,1116_freitext,text,_ sonstiges,,input,FALSE,,
q1117,70,TRUE,Wie lange besteht die Wunde?,1117_select,select,Bitte wählen…,,select,FALSE,,
q1117,70,TRUE,Wie lange besteht die Wunde?,1117_select,select,weniger als 3 Wochen,weniger als 3 Wochen,select,FALSE,,
q1117,70,TRUE,Wie lange besteht die Wunde?,1117_select,select,3 Wochen bis 3 Monate,3 Wochen bis 3 Monate,select,FALSE,,
q1117,70,TRUE,Wie lange besteht die Wunde?,1117_select,select,mehr als 3 Monate,mehr als 3 Monate,select,FALSE,,
q1020,71,TRUE,Welche Atembeschwerden haben Sie?,1020,checkbox,Atemnot,Atemnot,radio/checkbox,FALSE,,#q1121
q1020,71,TRUE,Welche Atembeschwerden haben Sie?,1020,checkbox,Erkältung,Erkältung,radio/checkbox,FALSE,,
q1020,71,TRUE,Welche Atembeschwerden haben Sie?,1020,checkbox,Husten,Husten,radio/checkbox,FALSE,,
q1020,71,TRUE,Welche Atembeschwerden haben Sie?,1020,checkbox,Infektion mit Fieber (Bronchitis/Lungenentzündung),Infektion mit Fieber (Bronchitis/Lungenentzündung),radio/checkbox,FALSE,,
q1020,71,TRUE,Welche Atembeschwerden haben Sie?,1020,checkbox,Nächtliche Atemaussetzer,Nächtliche Atemaussetzer,radio/checkbox,FALSE,,
q1020,71,TRUE,Welche Atembeschwerden haben Sie?,1020,checkbox,Schnarchen,Schnarchen,radio/checkbox,FALSE,,
q1020,71,TRUE,Welche Atembeschwerden haben Sie?,1020,checkbox,Beklemmung im Brustkorb,Beklemmung im Brustkorb,radio/checkbox,FALSE,,"#q1150,#q1151,#q1152,#q1153"
q1121,72,TRUE,Belastungsbezug der Atemnot,1121,checkbox,Atemnot nur bei starker Anstrengung,Atemnot nur bei starker Anstrengung,radio/checkbox,FALSE,,
q1121,72,TRUE,Belastungsbezug der Atemnot,1121,checkbox,Atemnot beim Eilen auf ebener Strecke oder bei leichter Steigung,Atemnot beim Eilen auf ebener Strecke oder bei leichter Steigung,radio/checkbox,FALSE,,
q1121,72,TRUE,Belastungsbezug der Atemnot,1121,checkbox,Notwendigkeit auf ebener Strecke langsamer zu gehen,Notwendigkeit auf ebener Strecke langsamer zu gehen,radio/checkbox,FALSE,,
q1121,72,TRUE,Belastungsbezug der Atemnot,1121,checkbox,Pause nach ~100 m oder wenigen Minuten Gehen,Pause nach ~100 m oder wenigen Minuten Gehen,radio/checkbox,FALSE,,
q1121,72,TRUE,Belastungsbezug der Atemnot,1121,checkbox,"Zu atemlos, um das Haus zu verlassen","Zu atemlos, um das Haus zu verlassen",radio/checkbox,FALSE,,
q1121,72,TRUE,Belastungsbezug der Atemnot,1121,checkbox,Atemnot beim An-/Auskleiden,Atemnot beim An-/Auskleiden,radio/checkbox,FALSE,,
q1121,72,TRUE,Belastungsbezug der Atemnot,1121,checkbox,nächtliche Atemnot,nächtliche Atemnot,radio/checkbox,FALSE,,
q1121,72,TRUE,Belastungsbezug der Atemnot,1121,checkbox,Abhängigkeit vom Respirator,Abhängigkeit vom Respirator,radio/checkbox,FALSE,,
q1030,73,TRUE,Welche Verdauungs-/Bauchbeschwerden haben Sie?,1030,checkbox,Erbrechen,Erbrechen,radio/checkbox,FALSE,,"#q1130,#q1131,#q1132,#q1133,#q1134,#q1135,#q1136,#q1136a,#q1136b,#q1137"
q1030,73,TRUE,Welche Verdauungs-/Bauchbeschwerden haben Sie?,1030,checkbox,Bauchschmerz,Bauchschmerz,radio/checkbox,FALSE,,#q1131
q1030,73,TRUE,Welche Verdauungs-/Bauchbeschwerden haben Sie?,1030,checkbox,Blähungen,Blähungen,radio/checkbox,FALSE,,
q1030,73,TRUE,Welche Verdauungs-/Bauchbeschwerden haben Sie?,1030,checkbox,Durchfall,Durchfall,radio/checkbox,FALSE,,
q1030,73,TRUE,Welche Verdauungs-/Bauchbeschwerden haben Sie?,1030,checkbox,Koliken,Koliken,radio/checkbox,FALSE,,
q1030,73,TRUE,Welche Verdauungs-/Bauchbeschwerden haben Sie?,1030,checkbox,Reflux,Reflux,radio/checkbox,FALSE,,
q1030,73,TRUE,Welche Verdauungs-/Bauchbeschwerden haben Sie?,1030,checkbox,Verstopfung,Verstopfung,radio/checkbox,FALSE,,
q1030,73,TRUE,Welche Verdauungs-/Bauchbeschwerden haben Sie?,1003,checkbox,keine,keine,radio/checkbox,FALSE,,#q1004
q1030,73,TRUE,Welche Verdauungs-/Bauchbeschwerden haben Sie?,1030_freitext,text,_ machen Sie weitere Angaben z.B. über Lokalisation und Ausdehnung,,input,FALSE,,
q1130,74,TRUE,Häufigkeit,1130_freq_per_day,number,z. B. 3,,input,FALSE,,
q1131,75,TRUE,Nahrungsabhängigkeit,1131_nahrungsabhaengig,radio,postprandial,postprandial,radio/checkbox,FALSE,,
q1131,75,TRUE,Nahrungsabhängigkeit,1131_nahrungsabhaengig,radio,nüchtern,nuechtern,radio/checkbox,FALSE,,
q1132,76,TRUE,Charakter,1132_uebelkeit,radio,Übelkeit: Ja,ja,radio/checkbox,FALSE,,
q1132,76,TRUE,Charakter,1132_uebelkeit,radio,Übelkeit: Nein,nein,radio/checkbox,FALSE,,
q1133,77,TRUE,Inhalt des Erbrochenen,1133_inhalt,checkbox,Nahrungsreste,nahrungsreste,radio/checkbox,FALSE,,
q1133,77,TRUE,Inhalt des Erbrochenen,1133_inhalt,checkbox,gallig,gallig,radio/checkbox,FALSE,,
q1133,77,TRUE,Inhalt des Erbrochenen,1133_inhalt,checkbox,kaffeesatzartig,kaffeesatzartig,radio/checkbox,FALSE,,
q1133,77,TRUE,Inhalt des Erbrochenen,1133_inhalt,checkbox,blutig,blutig,radio/checkbox,FALSE,,
q1134,78,TRUE,Bauchschmerz,1134_ort,checkbox,epigastrisch,epigastrisch,radio/checkbox,FALSE,,
q1134,78,TRUE,Bauchschmerz,1134_ort,checkbox,rechter Unterbauch,rechter_unterbauch,radio/checkbox,FALSE,,
q1134,78,TRUE,Bauchschmerz,1134_ort,checkbox,linker Unterbauch,linker_unterbauch,radio/checkbox,FALSE,,
q1134,78,TRUE,Bauchschmerz,1134_kolik,radio,ja,ja,radio/checkbox,FALSE,,
q1134,78,TRUE,Bauchschmerz,1134_kolik,radio,nein,nein,radio/checkbox,FALSE,,
q1135,79,TRUE,Stuhlgang,1135_stuhl,checkbox,Diarrhö,diarrhoe,radio/checkbox,FALSE,,
q1135,79,TRUE,Stuhlgang,1135_stuhl,checkbox,Obstipation,obstipation,radio/checkbox,FALSE,,
q1135,79,TRUE,Stuhlgang,1135_stuhl,checkbox,Meteorismus,meteorismus,radio/checkbox,FALSE,,
q1136,80,TRUE,Fieber/Schüttelfrost,1136_fieber,radio,Ja,ja,radio/checkbox,FALSE,,
q1136,80,TRUE,Fieber/Schüttelfrost,1136_fieber,radio,Nein,nein,radio/checkbox,FALSE,,
q1136a,81,TRUE,Neuro-vestibulär,1136_neuro,checkbox,Schwindel: lagewechsel-getriggert,lagewechsel,radio/checkbox,FALSE,,
q1136a,81,TRUE,Neuro-vestibulär,1136_neuro,checkbox,Doppelbilder,doppelbilder,radio/checkbox,FALSE,,
q1136a,81,TRUE,Neuro-vestibulär,1136_neuro,checkbox,Nackensteifigkeit,nackensteifigkeit,radio/checkbox,FALSE,,
q1136b,82,TRUE,Auslöser und Exposition,1136_expo,checkbox,verdorbene Speisen,verdorbene_speisen,radio/checkbox,FALSE,,
q1136b,82,TRUE,Auslöser und Exposition,1136_expo,checkbox,Mitbetroffene,mitbetroffene,radio/checkbox,FALSE,,
q1136b,82,TRUE,Auslöser und Exposition,1136_expo,checkbox,Reise,reise,radio/checkbox,FALSE,,
q1136b,82,TRUE,Auslöser und Exposition,1136_expo,checkbox,Kontakt zu Erkrankten,kontakt_erkrankte,radio/checkbox,FALSE,,
q1137,83,TRUE,Schwangerschaft ausgeschlossen?,1137_schwangerschaft,radio,Ja,ja,radio/checkbox,FALSE,,
q1137,83,TRUE,Schwangerschaft ausgeschlossen?,1137_schwangerschaft,radio,Nein,nein,radio/checkbox,FALSE,,
q1040,84,TRUE,Welche Hautveränderungen haben Sie?,1040,checkbox,Ausschlag,Ausschlag,radio/checkbox,FALSE,,#q1141
q1040,84,TRUE,Welche Hautveränderungen haben Sie?,1040,checkbox,Ekzem,Ekzem,radio/checkbox,FALSE,,#q1141
q1040,84,TRUE,Welche Hautveränderungen haben Sie?,1040,checkbox,Juckreiz,Juckreiz,radio/checkbox,FALSE,,
q1040,84,TRUE,Welche Hautveränderungen haben Sie?,1040,checkbox,Wunden/Geschwüre,Wunden/Geschwüre,radio/checkbox,FALSE,,#q1141
q1040,84,TRUE,Welche Hautveränderungen haben Sie?,1040_freitext,text,_ machen Sie weitere Angaben z.B. über Lokalisation und Ausdehnung,,input,FALSE,,
q1141,85,TRUE,Seit wann haben Sie die Hautveränderungen?,1141_select,select,Bitte wählen…,,select,FALSE,,
q1141,85,TRUE,Seit wann haben Sie die Hautveränderungen?,1141_select,select,weniger als 3 Wochen,weniger als 3 Wochen,select,FALSE,,
q1141,85,TRUE,Seit wann haben Sie die Hautveränderungen?,1141_select,select,3 Wochen bis 3 Monate,3 Wochen bis 3 Monate,select,FALSE,,
q1141,85,TRUE,Seit wann haben Sie die Hautveränderungen?,1141_select,select,mehr als 3 Monate,mehr als 3 Monate,select,FALSE,,
q1141,85,TRUE,Seit wann haben Sie die Hautveränderungen?,1141_select,select,seit Jahren,seit Jahren,select,FALSE,,
q1050,86,TRUE,Welche Herz-Kreislauf Beschwerden haben Sie?,1050,checkbox,Bluthochdruck,Bluthochdruck,radio/checkbox,FALSE,,
q1050,86,TRUE,Welche Herz-Kreislauf Beschwerden haben Sie?,1050,checkbox,Brustschmerz/Angina Pectoris,Brustschmerz/Angina Pectoris,radio/checkbox,FALSE,,"#q1150,#q1151,#q1152,#q1153"
q1050,86,TRUE,Welche Herz-Kreislauf Beschwerden haben Sie?,1050,checkbox,Herzstolpern,Herzstolpern,radio/checkbox,FALSE,,
q1050,86,TRUE,Welche Herz-Kreislauf Beschwerden haben Sie?,1050,checkbox,Hypotonie/niedriger Blutdruck,Hypotonie/niedriger Blutdruck,radio/checkbox,FALSE,,
q1050,86,TRUE,Welche Herz-Kreislauf Beschwerden haben Sie?,1050,checkbox,Ohnmachtsanfälle/Schwindel,Ohnmachtsanfälle/Schwindel,radio/checkbox,FALSE,,"#q1186,#q1187,#q1188,#q1189"
q1060,87,TRUE,Welche hormonell bedingten Beschwerden haben Sie?,1060,checkbox,Gewichtsschwankungen,Gewichtsschwankungen,radio/checkbox,FALSE,,
q1060,87,TRUE,Welche hormonell bedingten Beschwerden haben Sie?,1060,checkbox,Appetitstörungen,Appetitstörungen,radio/checkbox,FALSE,,
q1060,87,TRUE,Welche hormonell bedingten Beschwerden haben Sie?,1060,checkbox,Osteoporose,Osteoporose,radio/checkbox,FALSE,,
q1060,87,TRUE,Welche hormonell bedingten Beschwerden haben Sie?,1060,checkbox,polyzystisches Ovar,polyzystisches Ovar,radio/checkbox,FALSE,,
q1060,87,TRUE,Welche hormonell bedingten Beschwerden haben Sie?,1060,checkbox,Hitzewallungen,Hitzewallungen,radio/checkbox,FALSE,,
q1060,87,TRUE,Welche hormonell bedingten Beschwerden haben Sie?,1060,checkbox,Wechseljahrbeschwerden,Wechseljahrbeschwerden,radio/checkbox,FALSE,,
q1060,87,TRUE,Welche hormonell bedingten Beschwerden haben Sie?,1060_freitext,text,_ machen Sie weitere Angaben,,input,FALSE,,
q1171,88,TRUE,Art der Gelenkbeschwerden,1171,checkbox,Berührungsschmerz,Berührungsschmerz,radio/checkbox,FALSE,,
q1171,88,TRUE,Art der Gelenkbeschwerden,1171,checkbox,Bewegungsschmerz,Bewegungsschmerz,radio/checkbox,FALSE,,
q1171,88,TRUE,Art der Gelenkbeschwerden,1171,checkbox,Formabweichung/Auftreibung,Formabweichung/Auftreibung,radio/checkbox,FALSE,,
q1171,88,TRUE,Art der Gelenkbeschwerden,1171,checkbox,Instabilität,Instabilität,radio/checkbox,FALSE,,
q1171,88,TRUE,Art der Gelenkbeschwerden,1171,checkbox,Schmerzen,Schmerzen,radio/checkbox,FALSE,,"#q1172,#q1173"
q1171,88,TRUE,Art der Gelenkbeschwerden,1171,checkbox,Schwellungen,Schwellungen,radio/checkbox,FALSE,,
q1171,88,TRUE,Art der Gelenkbeschwerden,1171,checkbox,Steifigkeit,Steifigkeit,radio/checkbox,FALSE,,
q1171,88,TRUE,Art der Gelenkbeschwerden,1171,checkbox,Überwärmung,Überwärmung,radio/checkbox,FALSE,,
q1172,89,TRUE,Schmerzcharakter,1172_select,select,Bitte wählen…,,select,FALSE,,
q1172,89,TRUE,Schmerzcharakter,1172_select,select,bohrend,bohrend,select,FALSE,,
q1172,89,TRUE,Schmerzcharakter,1172_select,select,brennend,brennend,select,FALSE,,
q1172,89,TRUE,Schmerzcharakter,1172_select,select,drückend,drückend,select,FALSE,,
q1172,89,TRUE,Schmerzcharakter,1172_select,select,dumpf,dumpf,select,FALSE,,
q1172,89,TRUE,Schmerzcharakter,1172_select,select,einschnürend,einschnürend,select,FALSE,,
q1172,89,TRUE,Schmerzcharakter,1172_select,select,elektrisierend,elektrisierend,select,FALSE,,
q1172,89,TRUE,Schmerzcharakter,1172_select,select,krampfartig,krampfartig,select,FALSE,,
q1172,89,TRUE,Schmerzcharakter,1172_select,select,pochend,pochend,select,FALSE,,
q1172,89,TRUE,Schmerzcharakter,1172_select,select,schneidend,schneidend,select,FALSE,,
q1172,89,TRUE,Schmerzcharakter,1172_select,select,stechend,stechend,select,FALSE,,
q1173,90,TRUE,Ordnen Sie Ihre Schmerzen auf einer Skala von 0 – 10 ein,,range,,,input,FALSE,,
q1174,91,TRUE,Art der Muskelbeschwerden,1174,checkbox,Kraftverlust,Kraftverlust,radio/checkbox,FALSE,,
q1174,91,TRUE,Art der Muskelbeschwerden,1174,checkbox,Muskelkrämpfe,Muskelkrämpfe,radio/checkbox,FALSE,,
q1174,91,TRUE,Art der Muskelbeschwerden,1174,checkbox,Muskelschwund,Muskelschwund,radio/checkbox,FALSE,,
q1174,91,TRUE,Art der Muskelbeschwerden,1174,checkbox,Muskelverhärtung,Muskelverhärtung,radio/checkbox,FALSE,,
q1174,91,TRUE,Art der Muskelbeschwerden,1174,checkbox,plötzliche Formänderung,plötzliche Formänderung,radio/checkbox,FALSE,,
q1175,92,TRUE,Art der Wirbelsäulenbeschwerden,1175,checkbox,Bekannte Osteoporose,Bekannte Osteoporose,radio/checkbox,FALSE,,
q1175,92,TRUE,Art der Wirbelsäulenbeschwerden,1175,checkbox,Bewegungsschmerz,Bewegungsschmerz,radio/checkbox,FALSE,,
q1175,92,TRUE,Art der Wirbelsäulenbeschwerden,1175,checkbox,Fehlhaltung (Skoliose),Fehlhaltung (Skoliose),radio/checkbox,FALSE,,
q1175,92,TRUE,Art der Wirbelsäulenbeschwerden,1175,checkbox,Heben und Bücken eingeschränkt,Heben und Bücken eingeschränkt,radio/checkbox,FALSE,,
q1175,92,TRUE,Art der Wirbelsäulenbeschwerden,1175,checkbox,Instabilitätsgefühl,Instabilitätsgefühl,radio/checkbox,FALSE,,
q1175,92,TRUE,Art der Wirbelsäulenbeschwerden,1175,checkbox,Muskelverspannung,Muskelverspannung,radio/checkbox,FALSE,,
q1175,92,TRUE,Art der Wirbelsäulenbeschwerden,1175,checkbox,"Probleme beim Wasserlassen oder Stuhlgang (Harnverhalt, Inkontinenz)","Probleme beim Wasserlassen oder Stuhlgang (Harnverhalt, Inkontinenz)",radio/checkbox,FALSE,,
q1175,92,TRUE,Art der Wirbelsäulenbeschwerden,1175,checkbox,Plötzlich und sehr stark aufgetretener Schmerz,Plötzlich und sehr stark aufgetretener Schmerz,radio/checkbox,FALSE,,
q1175,92,TRUE,Art der Wirbelsäulenbeschwerden,1175,checkbox,Schmerzverstärkung beim Husten oder Niesen,Schmerzverstärkung beim Husten oder Niesen,radio/checkbox,FALSE,,
q1175,92,TRUE,Art der Wirbelsäulenbeschwerden,1175,checkbox,Schwäche oder Gefühlsstörung in den Beinen,Schwäche oder Gefühlsstörung in den Beinen,radio/checkbox,FALSE,,
q1175,92,TRUE,Art der Wirbelsäulenbeschwerden,1175,checkbox,Steifigkeit,Steifigkeit,radio/checkbox,FALSE,,
q1A00,93,TRUE,Welche Augenbeschwerden haben Sie?,1A00,checkbox,Aderhautrötung,Aderhautrötung,radio/checkbox,FALSE,,
q1A00,93,TRUE,Welche Augenbeschwerden haben Sie?,1A00,checkbox,Blendempfindlichkeit,Blendempfindlichkeit,radio/checkbox,FALSE,,
q1A00,93,TRUE,Welche Augenbeschwerden haben Sie?,1A00,checkbox,Doppelbilder,Doppelbilder,radio/checkbox,FALSE,,
q1A00,93,TRUE,Welche Augenbeschwerden haben Sie?,1A00,checkbox,eingeschränkte Beweglichkeit,eingeschränkte Beweglichkeit,radio/checkbox,FALSE,,
q1A00,93,TRUE,Welche Augenbeschwerden haben Sie?,1A00,checkbox,Gesichtsfeldausfälle,Gesichtsfeldausfälle,radio/checkbox,FALSE,,
q1A00,93,TRUE,Welche Augenbeschwerden haben Sie?,1A00,checkbox,Lichtblitze,Lichtblitze,radio/checkbox,FALSE,,
q1A00,93,TRUE,Welche Augenbeschwerden haben Sie?,1A00,checkbox,Lidschluss nicht möglich,Lidschluss nicht möglich,radio/checkbox,FALSE,,
q1A00,93,TRUE,Welche Augenbeschwerden haben Sie?,1A00,checkbox,Rotes schmerzhaftes Auge,Rotes schmerzhaftes Auge,radio/checkbox,FALSE,,
q1A00,93,TRUE,Welche Augenbeschwerden haben Sie?,1A00,checkbox,Rußregen,Rußregen,radio/checkbox,FALSE,,
q1A00,93,TRUE,Welche Augenbeschwerden haben Sie?,1A00,checkbox,plötzlicher Sehverlust,plötzlicher Sehverlust,radio/checkbox,FALSE,,
q1A00,93,TRUE,Welche Augenbeschwerden haben Sie?,1A00,checkbox,Schmerz hinter dem Auge,Schmerz hinter dem Auge,radio/checkbox,FALSE,,
q1A00,93,TRUE,Welche Augenbeschwerden haben Sie?,1A00,checkbox,Schwellung und Rötung,Schwellung und Rötung,radio/checkbox,FALSE,,
q1A00,93,TRUE,Welche Augenbeschwerden haben Sie?,1A00,checkbox,vermehrter Tränenfluss,vermehrter Tränenfluss,radio/checkbox,FALSE,,
q1A00,93,TRUE,Welche Augenbeschwerden haben Sie?,1A00,checkbox,verminderte Augenbeweglichkeit,verminderte Augenbeweglichkeit,radio/checkbox,FALSE,,
q1A00,93,TRUE,Welche Augenbeschwerden haben Sie?,1A00,checkbox,verschwommenes/unscharfes Sehen,verschwommenes/unscharfes Sehen,radio/checkbox,FALSE,,
q1A00,93,TRUE,Welche Augenbeschwerden haben Sie?,1A00,checkbox,Schleiersehen,Schleiersehen,radio/checkbox,FALSE,,
q1B00,94,TRUE,Welche HNO-Beschwerden haben Sie?,1B00,checkbox,Hörstörung,Hörstörung,radio/checkbox,FALSE,,#q1B01
q1B00,94,TRUE,Welche HNO-Beschwerden haben Sie?,1B00,checkbox,Nase,Nase,radio/checkbox,FALSE,,#q1B02
q1B00,94,TRUE,Welche HNO-Beschwerden haben Sie?,1B00,checkbox,Ohren,Ohren,radio/checkbox,FALSE,,#q1B03
q1B00,94,TRUE,Welche HNO-Beschwerden haben Sie?,1B00,checkbox,Rachen,Rachen,radio/checkbox,FALSE,,#q1B04
q1B00,94,TRUE,Welche HNO-Beschwerden haben Sie?,1B00,checkbox,Schlucken,Schlucken,radio/checkbox,FALSE,,#q1B05
q1B00,94,TRUE,Welche HNO-Beschwerden haben Sie?,1B00,checkbox,Schwindel,Schwindel,radio/checkbox,FALSE,,"#q1186,#q1187,#q1188,#q1189"
q1B00,94,TRUE,Welche HNO-Beschwerden haben Sie?,1B00,checkbox,Stimmstörung,Stimmstörung,radio/checkbox,FALSE,,#q1B06
q1B01,95,TRUE,Art der Hörstörung,1B01,checkbox,Hörsturz,Hörsturz,radio/checkbox,FALSE,,
q1B01,95,TRUE,Art der Hörstörung,1B01,checkbox,Überempfindlichkeit,Überempfindlichkeit,radio/checkbox,FALSE,,
q1B01,95,TRUE,Art der Hörstörung,1B01,checkbox,vermindertes Hörvermögen,vermindertes Hörvermögen,radio/checkbox,FALSE,,
q1B01,95,TRUE,Art der Hörstörung,1B01,checkbox,Ohrgeräusche/Tinnitus,Ohrgeräusche/Tinnitus,radio/checkbox,FALSE,,
q1B01,95,TRUE,Art der Hörstörung,1B01,checkbox,Tonhöhenverzerrung,Tonhöhenverzerrung,radio/checkbox,FALSE,,
q1B02,96,TRUE,Art der Nasenstörung,1B02,checkbox,Geruchsstörung,Geruchsstörung,radio/checkbox,FALSE,,
q1B02,96,TRUE,Art der Nasenstörung,1B02,checkbox,Borkenbildung,Borkenbildung,radio/checkbox,FALSE,,
q1B02,96,TRUE,Art der Nasenstörung,1B02,checkbox,Eiterabsonderung,Eiterabsonderung,radio/checkbox,FALSE,,
q1B02,96,TRUE,Art der Nasenstörung,1B02,checkbox,Formveränderung,Formveränderung,radio/checkbox,FALSE,,
q1B02,96,TRUE,Art der Nasenstörung,1B02,checkbox,Laufende Nase,Laufende Nase,radio/checkbox,FALSE,,
q1B02,96,TRUE,Art der Nasenstörung,1B02,checkbox,Nasenbluten,Nasenbluten,radio/checkbox,FALSE,,
q1B02,96,TRUE,Art der Nasenstörung,1B02,checkbox,Verstopfte Nase,Verstopfte Nase,radio/checkbox,FALSE,,
q1B03,97,TRUE,Art der Ohrenstörung,1B03,checkbox,Ausfluss,Ausfluss,radio/checkbox,FALSE,,
q1B03,97,TRUE,Art der Ohrenstörung,1B03,checkbox,Fremdkörper,Fremdkörper,radio/checkbox,FALSE,,
q1B03,97,TRUE,Art der Ohrenstörung,1B03,checkbox,Ohrenbluten,Ohrenbluten,radio/checkbox,FALSE,,
q1B03,97,TRUE,Art der Ohrenstörung,1B03,checkbox,Ohrmuschelentzündung,Ohrmuschelentzündung,radio/checkbox,FALSE,,
q1B03,97,TRUE,Art der Ohrenstörung,1B03,checkbox,Verstopfte Ohren,Verstopfte Ohren,radio/checkbox,FALSE,,
q1B04,98,TRUE,Art der Rachenbeschwerden,1B04,checkbox,Beläge,Beläge,radio/checkbox,FALSE,,
q1B04,98,TRUE,Art der Rachenbeschwerden,1B04,checkbox,Blutung,Blutung,radio/checkbox,FALSE,,
q1B04,98,TRUE,Art der Rachenbeschwerden,1B04,checkbox,Geschwollene Rachenmandeln,Geschwollene Rachenmandeln,radio/checkbox,FALSE,,
q1B04,98,TRUE,Art der Rachenbeschwerden,1B04,checkbox,Kratzen,Kratzen,radio/checkbox,FALSE,,
q1B04,98,TRUE,Art der Rachenbeschwerden,1B04,checkbox,Halslymphknoten (Schwellung/Schmerzen),Halslymphknoten (Schwellung/Schmerzen),radio/checkbox,FALSE,,
q1B04,98,TRUE,Art der Rachenbeschwerden,1B04,checkbox,Heiserkeit,Heiserkeit,radio/checkbox,FALSE,,
q1B04,98,TRUE,Art der Rachenbeschwerden,1B04,checkbox,Hustenreiz,Hustenreiz,radio/checkbox,FALSE,,
q1B04,98,TRUE,Art der Rachenbeschwerden,1B04,checkbox,Mundgeruch,Mundgeruch,radio/checkbox,FALSE,,
q1B04,98,TRUE,Art der Rachenbeschwerden,1B04,checkbox,Räusperzwang,Räusperzwang,radio/checkbox,FALSE,,
q1B05,99,TRUE,Art der Schluckstörungen,1B05,checkbox,Regurgitation,Regurgitation,radio/checkbox,FALSE,,
q1B05,99,TRUE,Art der Schluckstörungen,1B05,checkbox,Fremdkörpergefühl,Fremdkörpergefühl,radio/checkbox,FALSE,,
q1B05,99,TRUE,Art der Schluckstörungen,1B05,checkbox,Kloßgefühl,Kloßgefühl,radio/checkbox,FALSE,,
q1B05,99,TRUE,Art der Schluckstörungen,1B05,checkbox,Schluckschmerz,Schluckschmerz,radio/checkbox,FALSE,,
q1B05,99,TRUE,Art der Schluckstörungen,1B05,checkbox,Steckenbleiben,Steckenbleiben,radio/checkbox,FALSE,,
q1B05,99,TRUE,Art der Schluckstörungen,1B05,checkbox,Verschlucken,Verschlucken,radio/checkbox,FALSE,,
q1B05,99,TRUE,Art der Schluckstörungen,1B05,checkbox,Würgreiz,Würgreiz,radio/checkbox,FALSE,,
q1B06,100,TRUE,Welche Stimmstörung haben Sie?,1B06,checkbox,Abhusten erschwert,Abhusten erschwert,radio/checkbox,FALSE,,
q1B06,100,TRUE,Welche Stimmstörung haben Sie?,1B06,checkbox,Heiserkeit,Heiserkeit,radio/checkbox,FALSE,,
q1B06,100,TRUE,Welche Stimmstörung haben Sie?,1B06,checkbox,Kraftlose Stimme,Kraftlose Stimme,radio/checkbox,FALSE,,
q1B06,100,TRUE,Welche Stimmstörung haben Sie?,1B06,checkbox,Rauhe Stimme,Rauhe Stimme,radio/checkbox,FALSE,,
q1B06,100,TRUE,Welche Stimmstörung haben Sie?,1B06,checkbox,Totaler Stimmverlust,Totaler Stimmverlust,radio/checkbox,FALSE,,
q1330,101,TRUE,Koliken – Lokalisation und Ausstrahlung,1330_lokal,checkbox,rechter Oberbauch,rechter Oberbauch,radio/checkbox,FALSE,,
q1330,101,TRUE,Koliken – Lokalisation und Ausstrahlung,1330_lokal,checkbox,Epigastrium,Epigastrium,radio/checkbox,FALSE,,
q1330,101,TRUE,Koliken – Lokalisation und Ausstrahlung,1330_lokal,checkbox,Flanke,Flanke,radio/checkbox,FALSE,,
q1330,101,TRUE,Koliken – Lokalisation und Ausstrahlung,1330_lokal,checkbox,Mittelbauch,Mittelbauch,radio/checkbox,FALSE,,
q1330,101,TRUE,Koliken – Lokalisation und Ausstrahlung,1330_lokal,checkbox,Unterbauch,Unterbauch,radio/checkbox,FALSE,,
q1330,101,TRUE,Koliken – Lokalisation und Ausstrahlung,1330_ausstrahl,checkbox,Rücken,Rücken,radio/checkbox,FALSE,,
q1330,101,TRUE,Koliken – Lokalisation und Ausstrahlung,1330_ausstrahl,checkbox,rechte Schulter,rechte Schulter,radio/checkbox,FALSE,,
q1330,101,TRUE,Koliken – Lokalisation und Ausstrahlung,1330_ausstrahl,checkbox,Leiste,Leiste,radio/checkbox,FALSE,,
q1330,101,TRUE,Koliken – Lokalisation und Ausstrahlung,1330_ausstrahl,checkbox,Genitale,Genitale,radio/checkbox,FALSE,,
q1331,102,TRUE,Koliken – Begleitsymptome,1331_begleit,checkbox,Gelbe Bindehäute,Gelbe Bindehäute,radio/checkbox,FALSE,,
q1331,102,TRUE,Koliken – Begleitsymptome,1331_begleit,checkbox,dunkler Urin,dunkler Urin,radio/checkbox,FALSE,,
q1331,102,TRUE,Koliken – Begleitsymptome,1331_begleit,checkbox,heller Stuhl,heller Stuhl,radio/checkbox,FALSE,,
q1331,102,TRUE,Koliken – Begleitsymptome,1331_begleit,checkbox,Hautjucken,Hautjucken,radio/checkbox,FALSE,,
q1331,102,TRUE,Koliken – Begleitsymptome,1331_begleit,checkbox,Harndrang,Harndrang,radio/checkbox,FALSE,,
q1331,102,TRUE,Koliken – Begleitsymptome,1331_begleit,checkbox,verminderte Urinmenge,verminderte Urinmenge,radio/checkbox,FALSE,,
q1332,103,TRUE,Koliken – Vorerkrankungen und Risiken,1332_vor,checkbox,Gallensteine,Gallensteine,radio/checkbox,FALSE,,
q1332,103,TRUE,Koliken – Vorerkrankungen und Risiken,1332_vor,checkbox,Nierensteine,Nierensteine,radio/checkbox,FALSE,,
q1332,103,TRUE,Koliken – Vorerkrankungen und Risiken,1332_vor,checkbox,Bauchspeicheldrüseentzündung,Bauchspeicheldrüseentzündung,radio/checkbox,FALSE,,
q1332,103,TRUE,Koliken – Vorerkrankungen und Risiken,1332_vor,checkbox,Hernien,Hernien,radio/checkbox,FALSE,,
q1332,103,TRUE,Koliken – Vorerkrankungen und Risiken,1332_vor,checkbox,Darm-OP,Darm-OP,radio/checkbox,FALSE,,
q1332,103,TRUE,Koliken – Vorerkrankungen und Risiken,1332_vor,checkbox,Verwachsungen,Verwachsungen,radio/checkbox,FALSE,,
q1334,104,TRUE,Gynäkologische Zusatzfragen,1334_lrb,date,,,input,FALSE,,
q1334,104,TRUE,Gynäkologische Zusatzfragen,1334_gyn,checkbox,vaginale Blutung,vaginale Blutung,radio/checkbox,FALSE,,
q1334,104,TRUE,Gynäkologische Zusatzfragen,1334_gyn,checkbox,Ausfluss,Ausfluss,radio/checkbox,FALSE,,
q1334,104,TRUE,Gynäkologische Zusatzfragen,1334_gyn,checkbox,Schwangerschaftstest positiv,Schwangerschaftstest positiv,radio/checkbox,FALSE,,
q1430,105,TRUE,Verstopfung – Frequenz & letzte normale Entleerung,1430_freq_woche,number,z. B. 2,,input,FALSE,,
q1430,105,TRUE,Verstopfung – Frequenz & letzte normale Entleerung,1430_letzte_normale_entleerung,date,,,input,FALSE,,
q1431,106,TRUE,Verstopfung – Stuhlbeschaffenheit & Symptome,1431_sympt,checkbox,harte Klumpen,harte Klumpen,radio/checkbox,FALSE,,
q1431,106,TRUE,Verstopfung – Stuhlbeschaffenheit & Symptome,1431_sympt,checkbox,schmerzhafte Defäkation,schmerzhafte Defäkation,radio/checkbox,FALSE,,
q1431,106,TRUE,Verstopfung – Stuhlbeschaffenheit & Symptome,1431_sympt,checkbox,dünner „Bleistiftstuhl“,dünner Bleistiftstuhl,radio/checkbox,FALSE,,
q1431,106,TRUE,Verstopfung – Stuhlbeschaffenheit & Symptome,1431_sympt,checkbox,Blutauflagerung,Blutauflagerung,radio/checkbox,FALSE,,
q1431,106,TRUE,Verstopfung – Stuhlbeschaffenheit & Symptome,1431_sympt,checkbox,unvollständige Entleerung,unvollständige Entleerung,radio/checkbox,FALSE,,
q1431,106,TRUE,Verstopfung – Stuhlbeschaffenheit & Symptome,1431_sympt,checkbox,fehlende Windabgänge,fehlende Windabgänge,radio/checkbox,FALSE,,
q1431,106,TRUE,Verstopfung – Stuhlbeschaffenheit & Symptome,1431_sympt,checkbox,Blähbauch,Blähbauch,radio/checkbox,FALSE,,
q1431,106,TRUE,Verstopfung – Stuhlbeschaffenheit & Symptome,1431_sympt,checkbox,Harnverhalt,Harnverhalt,radio/checkbox,FALSE,,
q2000,107,TRUE,Versicherungsstatus?,2000,radio,Privat-Selbstzahler,Privat-Selbstzahler,radio/checkbox,TRUE,#q2001,
q2000,107,TRUE,Versicherungsstatus?,2000,radio,Gesetzlich,Gesetzlich,radio/checkbox,TRUE,#q2001,
q2001,108,TRUE,Haben Sie bereits einen Termin bei uns?,2001,radio,Ja,Ja,radio/checkbox,FALSE,#q2002,
q2001,108,TRUE,Haben Sie bereits einen Termin bei uns?,2001,radio,Nein,Nein,radio/checkbox,FALSE,#q2003,
q2002,109,TRUE,Termin (über Arztdirekt Online) gebucht für:,2002_date,date,,,input,FALSE,#q2005,
q2003,110,TRUE,Welche Uhrzeit kommt für Ihren Terminwunsch in Frage?,2003,select,Bitte wählen…,,select,FALSE,#q2004,
q2003,110,TRUE,Welche Uhrzeit kommt für Ihren Terminwunsch in Frage?,2003,select,vormittags,vormittags,select,FALSE,#q2004,
q2003,110,TRUE,Welche Uhrzeit kommt für Ihren Terminwunsch in Frage?,2003,select,nachmittags,nachmittags,select,FALSE,#q2004,
q2003,110,TRUE,Welche Uhrzeit kommt für Ihren Terminwunsch in Frage?,2003,select,egal,egal,select,FALSE,#q2004,
q2003,110,TRUE,Welche Uhrzeit kommt für Ihren Terminwunsch in Frage?,2003_freitext,text,_ Weitere Bemerkungen,,input,FALSE,,#q2004
q2004,111,TRUE,Welche Wochentage bevorzugen Sie?,2004,checkbox,Montag,Montag,radio/checkbox,FALSE,,#q2005
q2004,111,TRUE,Welche Wochentage bevorzugen Sie?,2004,checkbox,Dienstag,Dienstag,radio/checkbox,FALSE,,#q2005
q2004,111,TRUE,Welche Wochentage bevorzugen Sie?,2004,checkbox,Mittwoch,Mittwoch,radio/checkbox,FALSE,,#q2005
q2004,111,TRUE,Welche Wochentage bevorzugen Sie?,2004,checkbox,Donnerstag,Donnerstag,radio/checkbox,FALSE,,#q2005
q2004,111,TRUE,Welche Wochentage bevorzugen Sie?,2004,checkbox,Freitag,Freitag,radio/checkbox,FALSE,,#q2005
q2004,111,TRUE,Welche Wochentage bevorzugen Sie?,2004,checkbox,egal,egal,radio/checkbox,FALSE,,#q2005
q2005,112,TRUE,Waren Sie schon einmal bei uns?,2005,radio,Ja,Ja,radio/checkbox,TRUE,"#q2006,#q3003,#q3004",
q2005,112,TRUE,Waren Sie schon einmal bei uns?,2005,radio,Nein,Nein,radio/checkbox,TRUE,"#q2006,#q3000,#q3001,#q3002,#q3003,#q3004",
q3000,113,FALSE,Wie lautet Ihre PLZ?,3000,number,,,input,FALSE,,
q3001,114,FALSE,Wohnort,3001,text,,,input,FALSE,,
q3002,115,FALSE,Wohnanschrift,3002,text,,,input,FALSE,,
q3005,116,TRUE,Geben Sie hier – wenn bekannt – Ihre Patienten-ID ein,3005,text,,,input,FALSE,,
q3003,117,FALSE,E‑Mail für Ihre Terminbestätigung,3003,email,name@example.com,,input,FALSE,,
q3004,118,FALSE,Mobilrufnummer für Rückfragen?,3004,tel,+49 171 2345678,,input,FALSE,,
q2041,119,TRUE,Herz-Kreislauferkrankung,2041,checkbox,Bluthochdruck,Bluthochdruck,radio/checkbox,FALSE,,
q2041,119,TRUE,Herz-Kreislauferkrankung,2041,checkbox,Angina pectoris,Angina pectoris,radio/checkbox,FALSE,,
q2041,119,TRUE,Herz-Kreislauferkrankung,2041,checkbox,Herzrhythmusstörung,Herzrhythmusstörung,radio/checkbox,FALSE,,
q2041,119,TRUE,Herz-Kreislauferkrankung,2041_freitext,text,_ andere Herz-Kreislauferkrankungen,,input,FALSE,,
q2081,120,TRUE,"Wer ist Ihr Arbeitgeber (Name, Anschrift)?",2081_text,textarea,,,textarea,FALSE,#q2082,
q2082,121,TRUE,Seit wann sind Sie bei diesem Arbeitgeber beschäftigt?,2082_date,date,,,input,FALSE,#q2083,
q2083,122,TRUE,Welche Berufsgenossenschaft ist für Sie zuständig?,2083_select,select,Bitte wählen…,,select,FALSE,#q2084,
q2083,122,TRUE,Welche Berufsgenossenschaft ist für Sie zuständig?,2083_select,select,Berufsgenossenschaft der Bauwirtschaft,Berufsgenossenschaft der Bauwirtschaft,select,FALSE,#q2084,
q2083,122,TRUE,Welche Berufsgenossenschaft ist für Sie zuständig?,2083_select,select,Berufsgenossenschaft Energie Textil,Berufsgenossenschaft Energie Textil,select,FALSE,#q2084,
q2083,122,TRUE,Welche Berufsgenossenschaft ist für Sie zuständig?,2083_select,select,Elektro Medienerzeugnisse,Elektro Medienerzeugnisse,select,FALSE,#q2084,
q2083,122,TRUE,Welche Berufsgenossenschaft ist für Sie zuständig?,2083_select,select,Berufsgenossenschaft Holz und Metall,Berufsgenossenschaft Holz und Metall,select,FALSE,#q2084,
q2083,122,TRUE,Welche Berufsgenossenschaft ist für Sie zuständig?,2083_select,select,Berufsgenossenschaft Handel und Warenlogistik,Berufsgenossenschaft Handel und Warenlogistik,select,FALSE,#q2084,
q2083,122,TRUE,Welche Berufsgenossenschaft ist für Sie zuständig?,2083_select,select,Berufsgenossenschaft Nahrungsmittel und Gastgewerbe,Berufsgenossenschaft Nahrungsmittel und Gastgewerbe,select,FALSE,#q2084,
q2083,122,TRUE,Welche Berufsgenossenschaft ist für Sie zuständig?,2083_select,select,Berufsgenossenschaft Rohstoffe und chemische Industrie,Berufsgenossenschaft Rohstoffe und chemische Industrie,select,FALSE,#q2084,
q2083,122,TRUE,Welche Berufsgenossenschaft ist für Sie zuständig?,2083_select,select,Berufsgenossenschaft Verkehrswirtschaft,Berufsgenossenschaft Verkehrswirtschaft,select,FALSE,#q2084,
q2083,122,TRUE,Welche Berufsgenossenschaft ist für Sie zuständig?,2083_select,select,Post-Logistik Telekommunikation,Post-Logistik Telekommunikation,select,FALSE,#q2084,
q2083,122,TRUE,Welche Berufsgenossenschaft ist für Sie zuständig?,2083_select,select,Berufsgenossenschaft für Gesundheitsdienst und Wohlfahrtspflege,Berufsgenossenschaft für Gesundheitsdienst und Wohlfahrtspflege,select,FALSE,#q2084,
q2083,122,TRUE,Welche Berufsgenossenschaft ist für Sie zuständig?,2083_select,select,Verwaltungs-Berufsgenossenschaft,Verwaltungs-Berufsgenossenschaft,select,FALSE,#q2084,
q2083,122,TRUE,Welche Berufsgenossenschaft ist für Sie zuständig?,2083_select,select,Sozialversicherung für Landwirtschaft Forsten und Gartenbau (Landwirtschaftliche Berufsgenossenschaft),Sozialversicherung für Landwirtschaft Forsten und Gartenbau (Landwirtschaftliche Berufsgenossenschaft),select,FALSE,#q2084,
q2083,122,TRUE,Welche Berufsgenossenschaft ist für Sie zuständig?,2083_select,select,Unfallversicherung Bund und Bahn,Unfallversicherung Bund und Bahn,select,FALSE,#q2084,
q2083,122,TRUE,Welche Berufsgenossenschaft ist für Sie zuständig?,2083_select,select,Unfallkassen der Länder,Unfallkassen der Länder,select,FALSE,#q2084,
q2083,122,TRUE,Welche Berufsgenossenschaft ist für Sie zuständig?,2083_select,select,Gemeindeunfallversicherungsverbände/Kommunale Unfallkassen,Gemeindeunfallversicherungsverbände/Kommunale Unfallkassen,select,FALSE,#q2084,
q2083,122,TRUE,Welche Berufsgenossenschaft ist für Sie zuständig?,2083_select,select,Feuerwehr-Unfallkasse,Feuerwehr-Unfallkasse,select,FALSE,#q2084,
q2084,123,TRUE,An welchem Tag ist der Unfall passiert?,2084_date,date,,,input,FALSE,#q2085,
q2085,124,TRUE,Zu welcher Uhrzeit ist der Unfall passiert?,2085_time,time,,,input,FALSE,#q2086,
q2086,125,TRUE,Es handelt sich um:,2086,radio,Arbeitszeit,Arbeitszeit,radio/checkbox,FALSE,#q2087,
q2086,125,TRUE,Es handelt sich um:,2086,radio,Wegeunfall,Wegeunfall,radio/checkbox,FALSE,#q2087,
q2086,125,TRUE,Es handelt sich um:,2086,radio,Pause,Pause,radio/checkbox,FALSE,#q2087,
q2087,126,TRUE,Unfallort,2087,radio,Betriebsgelände,Betriebsgelände,radio/checkbox,FALSE,#q2088,
q2087,126,TRUE,Unfallort,2087,radio,Baustelle,Baustelle,radio/checkbox,FALSE,#q2088,
q2087,126,TRUE,Unfallort,2087,radio,Arbeitsweg,Arbeitsweg,radio/checkbox,FALSE,#q2088,
q2087,126,TRUE,Unfallort,2087_freitext,text,_ anderer Ort,,input,FALSE,#q2088,
q2088,127,TRUE,Unfallhergang,2088_text,textarea,_ Wie ist der Unfall passiert (kurze Schilderung),,textarea,FALSE,#q2089,
q2089,128,TRUE,Unfallfolgen,2089_text,textarea,_ Beschreiben Sie hier Ihre Verletzungen,,textarea,FALSE,"#q2090,#q2091,#q2092",
q2090,129,TRUE,Wurde der Unfall im Betrieb gemeldet?,2090,radio,Ja,Ja,radio/checkbox,FALSE,,
q2090,129,TRUE,Wurde der Unfall im Betrieb gemeldet?,2090,radio,Nein,Nein,radio/checkbox,FALSE,,
q2091,130,TRUE,Wurde eine ärztliche Erstversorgung durchgeführt?,2091,radio,Ja,Ja,radio/checkbox,FALSE,,
q2091,130,TRUE,Wurde eine ärztliche Erstversorgung durchgeführt?,2091,radio,Nein,Nein,radio/checkbox,FALSE,,
q2092,131,TRUE,Wer hat die ärztliche Erstversorgung durchgeführt?,2092_text,text,,,input,FALSE,,
q2006,132,TRUE,Weshalb kommen Sie zu uns?,2006,checkbox,Abklärung oben genannter Beschwerden,Abklärung oben genannter Beschwerden,radio/checkbox,FALSE,,
q2006,132,TRUE,Weshalb kommen Sie zu uns?,2006,checkbox,Kontrolluntersuchung,Kontrolluntersuchung,radio/checkbox,FALSE,,#q2010
q2006,132,TRUE,Weshalb kommen Sie zu uns?,2006,checkbox,Vorsorge/Prävention,Vorsorge/Prävention,radio/checkbox,FALSE,,#q2020
q2006,132,TRUE,Weshalb kommen Sie zu uns?,2006,checkbox,Abklärung auffälliger Befunde,Abklärung auffälliger Befunde,radio/checkbox,FALSE,,#q2030
q2006,132,TRUE,Weshalb kommen Sie zu uns?,2006,checkbox,Abklärung chron. Erkrankungen,Abklärung chron. Erkrankungen,radio/checkbox,FALSE,,#q2040
q2006,132,TRUE,Weshalb kommen Sie zu uns?,2006,checkbox,Tumorverdacht,Tumorverdacht,radio/checkbox,FALSE,,#q2050
q2006,132,TRUE,Weshalb kommen Sie zu uns?,2006,checkbox,Neurologische Symptome,Neurologische Symptome,radio/checkbox,FALSE,,#q2060
q2006,132,TRUE,Weshalb kommen Sie zu uns?,2006,checkbox,Orthopädische Probleme,Orthopädische Probleme,radio/checkbox,FALSE,,#q2070
q2006,132,TRUE,Weshalb kommen Sie zu uns?,2006,checkbox,Therapieanpassung/Medikamentenkontrolle,Therapieanpassung/Medikamentenkontrolle,radio/checkbox,FALSE,,
q2006,132,TRUE,Weshalb kommen Sie zu uns?,2006,checkbox,Unfallfolgen (Arbeitsunfall),Unfallfolgen (Arbeitsunfall),radio/checkbox,FALSE,,#q2080
q2006,132,TRUE,Weshalb kommen Sie zu uns?,2006,checkbox,Begutachtung/Anträge,Begutachtung/Anträge,radio/checkbox,FALSE,,#q2100
q2006,132,TRUE,Weshalb kommen Sie zu uns?,2006,checkbox,Einholung einer Zweitmeinung,Einholung einer Zweitmeinung,radio/checkbox,FALSE,,
q2006,132,TRUE,Weshalb kommen Sie zu uns?,2006_freitext,text,"anderer Anlass z. B. Behandlung, neues Symptom",,input,FALSE,,
q2010,133,TRUE,Kontrolluntersuchung,2010,checkbox,Blutzucker/Diabeteskontrolle,Blutzucker/Diabeteskontrolle,radio/checkbox,FALSE,,
q2010,133,TRUE,Kontrolluntersuchung,2010,checkbox,Laborwerte allgemein,Laborwerte allgemein,radio/checkbox,FALSE,,
q2010,133,TRUE,Kontrolluntersuchung,2010_freitext,text,_ sonstige Kontrolle,,input,FALSE,,
q2020,134,TRUE,Welche Vorsorge- oder Präventionsmaßnahmen wünschen Sie,2020,checkbox,Aortenaneurysma-Screening (für Männer ab 65),Aortenaneurysma-Screening (für Männer ab 65),radio/checkbox,FALSE,,
q2020,134,TRUE,Welche Vorsorge- oder Präventionsmaßnahmen wünschen Sie,2020,checkbox,Gefäßalter-Bestimmung (IgeL),Gefäßalter-Bestimmung (IgeL),radio/checkbox,FALSE,,
q2020,134,TRUE,Welche Vorsorge- oder Präventionsmaßnahmen wünschen Sie,2020,checkbox,Kontrolle periphere arterielle Verschlusskrankheit (pAVK),Kontrolle periphere arterielle Verschlusskrankheit (pAVK),radio/checkbox,FALSE,,
q2020,134,TRUE,Welche Vorsorge- oder Präventionsmaßnahmen wünschen Sie,2020,checkbox,Schlaganfallrisiko-Check (IgeL),Schlaganfallrisiko-Check (IgeL),radio/checkbox,FALSE,,
q2020,134,TRUE,Welche Vorsorge- oder Präventionsmaßnahmen wünschen Sie,2020,checkbox,Thrombose-Risikoeinschätzung,Thrombose-Risikoeinschätzung,radio/checkbox,FALSE,,
q2020,134,TRUE,Welche Vorsorge- oder Präventionsmaßnahmen wünschen Sie,2020,checkbox,Gesundheits-Check-up (IgeL),Gesundheits-Check-up (IgeL),radio/checkbox,FALSE,,
q2020,134,TRUE,Welche Vorsorge- oder Präventionsmaßnahmen wünschen Sie,2020,checkbox,Impfstatus-Kontrolle,Impfstatus-Kontrolle,radio/checkbox,FALSE,,
q2020,134,TRUE,Welche Vorsorge- oder Präventionsmaßnahmen wünschen Sie,2020,checkbox,Bluthochdruck-Screening,Bluthochdruck-Screening,radio/checkbox,FALSE,,
q2020,134,TRUE,Welche Vorsorge- oder Präventionsmaßnahmen wünschen Sie,2020,checkbox,Blutzucker-/Diabetes-Screening,Blutzucker-/Diabetes-Screening,radio/checkbox,FALSE,,
q2020,134,TRUE,Welche Vorsorge- oder Präventionsmaßnahmen wünschen Sie,2020,checkbox,Lipidstoffwechsel-/Cholesterin-Screening,Lipidstoffwechsel-/Cholesterin-Screening,radio/checkbox,FALSE,,
q2020,134,TRUE,Welche Vorsorge- oder Präventionsmaßnahmen wünschen Sie,2020,checkbox,Hautkrebs-Screening,Hautkrebs-Screening,radio/checkbox,FALSE,,
q2020,134,TRUE,Welche Vorsorge- oder Präventionsmaßnahmen wünschen Sie,2020,checkbox,Darmkrebs-Screening,Darmkrebs-Screening,radio/checkbox,FALSE,,
q2020,134,TRUE,Welche Vorsorge- oder Präventionsmaßnahmen wünschen Sie,2020,checkbox,"Prostata-Vorsorge (PSA, Tastuntersuchung)","Prostata-Vorsorge (PSA, Tastuntersuchung)",radio/checkbox,FALSE,,
q2020,134,TRUE,Welche Vorsorge- oder Präventionsmaßnahmen wünschen Sie,2020,checkbox,Gynäkologische Vorsorge,Gynäkologische Vorsorge,radio/checkbox,FALSE,,
q2020,134,TRUE,Welche Vorsorge- oder Präventionsmaßnahmen wünschen Sie,2020,checkbox,Osteoporose-/Knochendichte-Messung,Osteoporose-/Knochendichte-Messung,radio/checkbox,FALSE,,
q2020,134,TRUE,Welche Vorsorge- oder Präventionsmaßnahmen wünschen Sie,2020,checkbox,Lungengesundheit (z. B. COPD-/Raucher-Screening),Lungengesundheit (z. B. COPD-/Raucher-Screening),radio/checkbox,FALSE,,
q2020,134,TRUE,Welche Vorsorge- oder Präventionsmaßnahmen wünschen Sie,2020,checkbox,"Lebensstil-Check (Bewegung, Ernährung, Gewicht, Stress)","Lebensstil-Check (Bewegung, Ernährung, Gewicht, Stress)",radio/checkbox,FALSE,,
q2030,135,TRUE,Erörterung auffälliger Befunde,2030,checkbox,"Bildgebung (Röntgen, CT, MRT, Ultraschall)","Bildgebung (Röntgen, CT, MRT, Ultraschall)",radio/checkbox,FALSE,,
q2030,135,TRUE,Erörterung auffälliger Befunde,2030,checkbox,Laborauffälligkeiten,Laborauffälligkeiten,radio/checkbox,FALSE,,
q2030,135,TRUE,Erörterung auffälliger Befunde,2030_freitext,text,_ weitere Vorbefunde,,input,FALSE,,
q2040,136,TRUE,Um welche chronische Erkrankung handelt es sich?,2040,checkbox,"Herz-Kreislauf (Hypertonie, KHK, Herzrhythmus)","Herz-Kreislauf (Hypertonie, KHK, Herzrhythmus)",radio/checkbox,FALSE,,#q2041
q2040,136,TRUE,Um welche chronische Erkrankung handelt es sich?,2040,checkbox,Gefäßerkrankung,Gefäßerkrankung,radio/checkbox,FALSE,,#q2042
q2040,136,TRUE,Um welche chronische Erkrankung handelt es sich?,2040,checkbox,"Stoffwechsel (Diabetes, Schilddrüse)","Stoffwechsel (Diabetes, Schilddrüse)",radio/checkbox,FALSE,,#q2043
q2040,136,TRUE,Um welche chronische Erkrankung handelt es sich?,2040,checkbox,"Atemwege (Asthma, COPD)","Atemwege (Asthma, COPD)",radio/checkbox,FALSE,,#q2044
q2040,136,TRUE,Um welche chronische Erkrankung handelt es sich?,2040_freitext,text,_ sonstige Erkrankungen,,input,FALSE,,
q2050,137,TRUE,Tumorverdacht,2050,checkbox,Knoten/Schwellung,Knoten/Schwellung,radio/checkbox,FALSE,,
q2050,137,TRUE,Tumorverdacht,2050,checkbox,Blut im Stuhl,Blut im Stuhl,radio/checkbox,FALSE,,
q2050,137,TRUE,Tumorverdacht,2050,checkbox,Gewichtsverlust,Gewichtsverlust,radio/checkbox,FALSE,,
q2050,137,TRUE,Tumorverdacht,2050_freitext,text,_ andere Anhaltspunkte,,input,FALSE,,
q2060,138,TRUE,Neurologische Symptome,2060,checkbox,Schwindel,Schwindel,radio/checkbox,FALSE,,
q2060,138,TRUE,Neurologische Symptome,2060,checkbox,Lähmungen,Lähmungen,radio/checkbox,FALSE,,
q2060,138,TRUE,Neurologische Symptome,2060,checkbox,Sensibilitätsstörungen,Sensibilitätsstörungen,radio/checkbox,FALSE,,
q2060,138,TRUE,Neurologische Symptome,2060,checkbox,Krampfanfälle,Krampfanfälle,radio/checkbox,FALSE,,
q2060,138,TRUE,Neurologische Symptome,2060_freitext,text,_ sonstige Symptome,,input,FALSE,,
q2070,139,TRUE,Orthopädische Probleme,2070,checkbox,Arthrose,Arthrose,radio/checkbox,FALSE,,
q2070,139,TRUE,Orthopädische Probleme,2070,checkbox,Bandscheibenbeschwerden,Bandscheibenbeschwerden,radio/checkbox,FALSE,,
q2070,139,TRUE,Orthopädische Probleme,2070,checkbox,Fehlstellungen/Bewegungseinschränkung,Fehlstellungen/Bewegungseinschränkung,radio/checkbox,FALSE,,
q2070,139,TRUE,Orthopädische Probleme,2070,checkbox,Deformitäten/Mißbildungen,Deformitäten/Mißbildungen,radio/checkbox,FALSE,,
q2070,139,TRUE,Orthopädische Probleme,2070_freitext,text,_ sonstige Probleme,,input,FALSE,,
q2080,140,TRUE,Welchen Beruf bzw. welche Tätigkeit üben Sie aus?,2080,text,_ Ihre Eingabe,,input,FALSE,,#q2081
q2100,141,TRUE,Gutachten/Reha- Kuranträge,2100,checkbox,Freies Gutachten/Versicherungsgutachten,Freies Gutachten/Versicherungsgutachten,radio/checkbox,FALSE,,
q2100,141,TRUE,Gutachten/Reha- Kuranträge,2100,checkbox,GdB Gutachten,GdB Gutachten,radio/checkbox,FALSE,,
q2100,141,TRUE,Gutachten/Reha- Kuranträge,2100,checkbox,Reha Antrag,Reha Antrag,radio/checkbox,FALSE,,
q2100,141,TRUE,Gutachten/Reha- Kuranträge,2100_freitext,text,_ machen Sie hier nähere Angaben,,input,FALSE,,
q4000,142,TRUE,Wie groß sind Sie?,4000,number,,,input,FALSE,,
q4001,143,TRUE,Wie schwer sind Sie (in kg)?,4001,number,,,input,FALSE,,
q4002,144,TRUE,Haben Sie jemals geraucht?,4002,radio,Ja,Ja,radio/checkbox,FALSE,"#q4003,#q4004,#q4005",
q4002,144,TRUE,Haben Sie jemals geraucht?,4002,radio,Nein,Nein,radio/checkbox,FALSE,#q5000,
q4003,145,TRUE,Durchschnittlich wie viele Zigaretten pro Tag?,4003,number,,,input,FALSE,,
q4004,146,TRUE,Wie viele Jahre haben Sie geraucht?,4004,number,,,input,FALSE,,
q4005,147,TRUE,Rauchen Sie immer noch?,4005,radio,Ja,Ja,radio/checkbox,FALSE,#q5000,
q4005,147,TRUE,Rauchen Sie immer noch?,4005,radio,Nein,Nein,radio/checkbox,FALSE,"#q4006,#q5000",
q4006,148,TRUE,Wann (Jahr) haben Sie aufgehört?,4006,number,z. B. 2015,,input,FALSE,,
q4100,149,TRUE,Haben Sie eine der folgenden Impfungen erhalten?,4100,checkbox,COVID-19,COVID-19,radio/checkbox,FALSE,,#q4110
q4100,149,TRUE,Haben Sie eine der folgenden Impfungen erhalten?,4100,checkbox,Diphtherie,Diphtherie,radio/checkbox,FALSE,,#q4110
q4100,149,TRUE,Haben Sie eine der folgenden Impfungen erhalten?,4100,checkbox,FSME,FSME,radio/checkbox,FALSE,,#q4110
q4100,149,TRUE,Haben Sie eine der folgenden Impfungen erhalten?,4100,checkbox,Hepatitis B,Hepatitis B,radio/checkbox,FALSE,,#q4110
q4100,149,TRUE,Haben Sie eine der folgenden Impfungen erhalten?,4100,checkbox,Herpes Zoster (Gürtelrose),Herpes Zoster (Gürtelrose),radio/checkbox,FALSE,,#q4110
q4100,149,TRUE,Haben Sie eine der folgenden Impfungen erhalten?,4100,checkbox,Influenza (Grippe),Influenza (Grippe),radio/checkbox,FALSE,,#q4110
q4100,149,TRUE,Haben Sie eine der folgenden Impfungen erhalten?,4100,checkbox,"Masern, Mumps, Röteln (MMR)","Masern, Mumps, Röteln (MMR)",radio/checkbox,FALSE,,#q4110
q4100,149,TRUE,Haben Sie eine der folgenden Impfungen erhalten?,4100,checkbox,Pneumokokken,Pneumokokken,radio/checkbox,FALSE,,#q4110
q4100,149,TRUE,Haben Sie eine der folgenden Impfungen erhalten?,4100,checkbox,RSV,RSV,radio/checkbox,FALSE,,#q4110
q4100,149,TRUE,Haben Sie eine der folgenden Impfungen erhalten?,4100,checkbox,Tetanus,Tetanus,radio/checkbox,FALSE,,#q4110
q4100,149,TRUE,Haben Sie eine der folgenden Impfungen erhalten?,4100,checkbox,keine der üblichen Impfungen erhalten,keine der üblichen Impfungen erhalten,radio/checkbox,FALSE,,#q4110
q4100,149,TRUE,Haben Sie eine der folgenden Impfungen erhalten?,4100_freitext,text,weitere Impfungen oder Auffrischungen,,input,FALSE,#q4110,#q4110
q4110,150,TRUE,Gibt es in Ihrer Familie folgende Erkrankungen?,4110,checkbox,Herzinfarkt/Schlaganfall,Herzinfarkt/Schlaganfall,radio/checkbox,FALSE,,#q4120
q4110,150,TRUE,Gibt es in Ihrer Familie folgende Erkrankungen?,4110,checkbox,Bluthochdruck,Bluthochdruck,radio/checkbox,FALSE,,#q4120
q4110,150,TRUE,Gibt es in Ihrer Familie folgende Erkrankungen?,4110,checkbox,Diabetes,Diabetes,radio/checkbox,FALSE,,#q4120
q4110,150,TRUE,Gibt es in Ihrer Familie folgende Erkrankungen?,4110,checkbox,Krebserkrankungen,Krebserkrankungen,radio/checkbox,FALSE,,#q4120
q4110,150,TRUE,Gibt es in Ihrer Familie folgende Erkrankungen?,4110,checkbox,Demenz/Alzheimer,Demenz/Alzheimer,radio/checkbox,FALSE,,#q4120
q4110,150,TRUE,Gibt es in Ihrer Familie folgende Erkrankungen?,4110,checkbox,keine,keine,radio/checkbox,FALSE,,#q4120
q4110,150,TRUE,Gibt es in Ihrer Familie folgende Erkrankungen?,4110_freitext,text,andere relevante Erkrankungen,,input,FALSE,,#q4120
q4120,151,TRUE,Berufliche Situation,4120,select,Bitte wählen…,,select,FALSE,#q4121,
q4120,151,TRUE,Berufliche Situation,4120,select,Vollzeit,Vollzeit,select,FALSE,#q4121,
q4120,151,TRUE,Berufliche Situation,4120,select,Teilzeit,Teilzeit,select,FALSE,#q4121,
q4120,151,TRUE,Berufliche Situation,4120,select,Rentner/in,Rentner/in,select,FALSE,#q4121,
q4120,151,TRUE,Berufliche Situation,4120,select,arbeitslos,arbeitslos,select,FALSE,#q4121,
q4120,151,TRUE,Berufliche Situation,4120,select,in Ausbildung/Studium,in Ausbildung/Studium,select,FALSE,#q4121,
q4120,151,TRUE,Berufliche Situation,4120,select,keine Angabe,keine Angabe,select,FALSE,#q4121,
q4121,152,TRUE,Stressbelastung,4121,select,Bitte wählen…,,select,FALSE,#q4122,
q4121,152,TRUE,Stressbelastung,4121,select,nicht gestresst,nicht gestresst,select,FALSE,#q4122,
q4121,152,TRUE,Stressbelastung,4121,select,leicht gestresst,leicht gestresst,select,FALSE,#q4122,
q4121,152,TRUE,Stressbelastung,4121,select,mäßig gestresst,mäßig gestresst,select,FALSE,#q4122,
q4121,152,TRUE,Stressbelastung,4121,select,stark gestresst,stark gestresst,select,FALSE,#q4122,
q4122,153,TRUE,Schlafqualität,4122,select,Bitte wählen…,,select,FALSE,#q4123,
q4122,153,TRUE,Schlafqualität,4122,select,"erholsam, keine Probleme","erholsam, keine Probleme",select,FALSE,#q4123,
q4122,153,TRUE,Schlafqualität,4122,select,gelegentlich Probleme,gelegentlich Probleme,select,FALSE,#q4123,
q4122,153,TRUE,Schlafqualität,4122,select,häufig Probleme,häufig Probleme,select,FALSE,#q4123,
q4122,153,TRUE,Schlafqualität,4122,select,starke Schlafstörungen,starke Schlafstörungen,select,FALSE,#q4123,
q4123,154,TRUE,Bewegung im Alltag,4123,select,Bitte wählen…,,select,FALSE,#q4130,
q4123,154,TRUE,Bewegung im Alltag,4123,select,unter 150 Minuten/Woche,unter 150 Minuten/Woche,select,FALSE,#q4130,
q4123,154,TRUE,Bewegung im Alltag,4123,select,150–300 Minuten/Woche,150–300 Minuten/Woche,select,FALSE,#q4130,
q4123,154,TRUE,Bewegung im Alltag,4123,select,über 300 Minuten/Woche,über 300 Minuten/Woche,select,FALSE,#q4130,
q4123,154,TRUE,Bewegung im Alltag,4123,select,keine Angabe,keine Angabe,select,FALSE,#q4130,
q4130,155,TRUE,Alkoholkonsum,4130,select,Bitte wählen…,,select,FALSE,#q4131,
q4130,155,TRUE,Alkoholkonsum,4130,select,nie,nie,select,FALSE,#q4131,
q4130,155,TRUE,Alkoholkonsum,4130,select,selten,selten,select,FALSE,#q4131,
q4130,155,TRUE,Alkoholkonsum,4130,select,1–2× pro Woche,1–2× pro Woche,select,FALSE,#q4131,
q4130,155,TRUE,Alkoholkonsum,4130,select,fast täglich,fast täglich,select,FALSE,#q4131,
q4130,155,TRUE,Alkoholkonsum,4130,select,täglich,täglich,select,FALSE,#q4131,
q4131,156,TRUE,Drogen/Substanzen,4131,select,Bitte wählen…,,select,FALSE,#q4140,
q4131,156,TRUE,Drogen/Substanzen,4131,select,nie konsumiert,nie konsumiert,select,FALSE,#q4140,
q4131,156,TRUE,Drogen/Substanzen,4131,select,"früher, aktuell nicht mehr","früher, aktuell nicht mehr",select,FALSE,#q4140,
q4131,156,TRUE,Drogen/Substanzen,4131,select,gelegentlich,gelegentlich,select,FALSE,#q4140,
q4131,156,TRUE,Drogen/Substanzen,4131,select,regelmäßig,regelmäßig,select,FALSE,#q4140,
q4140,157,TRUE,Haben Sie an folgenden Vorsorgeuntersuchungen teilgenommen?,4140,checkbox,Gesundheits-Check-upalle 3 Jahre ab 35,Gesundheits-Check-up,radio/checkbox,FALSE,,
q4140,157,TRUE,Haben Sie an folgenden Vorsorgeuntersuchungen teilgenommen?,4140,checkbox,KrebsfrüherkennungAbstrich Gebärmutterhals jährlich,Krebsfrüherkennung (Gebärmutterhalsabstrich),radio/checkbox,FALSE,,
q4140,157,TRUE,Haben Sie an folgenden Vorsorgeuntersuchungen teilgenommen?,4140,checkbox,Hautkrebs-Screeningalle 2 Jahre ab 35 Jahren,Hautkrebs-Screening,radio/checkbox,FALSE,,
q4140,157,TRUE,Haben Sie an folgenden Vorsorgeuntersuchungen teilgenommen?,4140,checkbox,Mammographiealle 2 Jahre ab 50,Mammographie,radio/checkbox,FALSE,,
q4140,157,TRUE,Haben Sie an folgenden Vorsorgeuntersuchungen teilgenommen?,4140,checkbox,ProstataTastuntersuchung ab 45 Jahren jährlich,Prostata (Tastuntersuchung),radio/checkbox,FALSE,,
q4140,157,TRUE,Haben Sie an folgenden Vorsorgeuntersuchungen teilgenommen?,4140,checkbox,Darmkrebsvorsorgeab 55 Jahren,Darmkrebsvorsorge,radio/checkbox,FALSE,,
q4140,157,TRUE,Haben Sie an folgenden Vorsorgeuntersuchungen teilgenommen?,4140,checkbox,Bauchaortenaneurysma-ScreeningMänner über 65,Bauchaortenaneurysma-Screening,radio/checkbox,FALSE,,
q4140,157,TRUE,Haben Sie an folgenden Vorsorgeuntersuchungen teilgenommen?,4140,checkbox,Hepatitis B / C Screeningeinmalig ab 35 Jahren möglich,Hepatitis B / C Screening,radio/checkbox,FALSE,,
q5000,158,TRUE,Leiden Sie an Diabetes?,5000,radio,Ja,Ja,radio/checkbox,FALSE,"#q5001,#q6000",
q5000,158,TRUE,Leiden Sie an Diabetes?,5000,radio,Nein,Nein,radio/checkbox,FALSE,#q6000,
q5001,159,TRUE,Welcher Typ?,5001,select,Bitte wählen…,,select,FALSE,,
q5001,159,TRUE,Welcher Typ?,5001,select,Typ-1-Diabetes,Typ-1-Diabetes,select,FALSE,,
q5001,159,TRUE,Welcher Typ?,5001,select,Typ-2-Diabetes,Typ-2-Diabetes,select,FALSE,,
q5001,159,TRUE,Welcher Typ?,5001,select,Gestationsdiabetes,Gestationsdiabetes,select,FALSE,,
q5001,159,TRUE,Welcher Typ?,5001,select,Spezifische Diabetesformen (MODY; Pankreaserkrankung; Endokrinopathien; medikamenteninduziert),Spezifische Diabetesformen (MODY; Pankreaserkrankung; Endokrinopathien; medikamenteninduziert),select,FALSE,,
q5001,159,TRUE,Welcher Typ?,5001,select,Prädiabetes,Prädiabetes,select,FALSE,,
q5001,159,TRUE,Welcher Typ?,5001,select,Unklar / in Abklärung,Unklar / in Abklärung,select,FALSE,,
q5002,160,TRUE,Medikamentöse Diabetestherapie,5002,checkbox,Metformin (Glucophage; Metformin AL; Siofor),Metformin (Glucophage; Metformin AL; Siofor),radio/checkbox,FALSE,,
q5002,160,TRUE,Medikamentöse Diabetestherapie,5002,checkbox,SGLT2-Hemmer (Jardiance; Forxiga; Invokana; Steglatro),SGLT2-Hemmer (Jardiance; Forxiga; Invokana; Steglatro),radio/checkbox,FALSE,,
q5002,160,TRUE,Medikamentöse Diabetestherapie,5002,checkbox,GLP-1-Rezeptor-Agonisten (Ozempic; Rybelsus; Victoza; Trulicity; Byetta),GLP-1-Rezeptor-Agonisten (Ozempic; Rybelsus; Victoza; Trulicity; Byetta),radio/checkbox,FALSE,,
q5002,160,TRUE,Medikamentöse Diabetestherapie,5002,checkbox,DPP-4-Hemmer (Januvia; Xelevia; Trajenta; Onglyza; Galvus),DPP-4-Hemmer (Januvia; Xelevia; Trajenta; Onglyza; Galvus),radio/checkbox,FALSE,,
q5002,160,TRUE,Medikamentöse Diabetestherapie,5002,checkbox,Sulfonylharnstoffe (Amaryl; Gliben-HEXAL; Euglucon N),Sulfonylharnstoffe (Amaryl; Gliben-HEXAL; Euglucon N),radio/checkbox,FALSE,,
q5002,160,TRUE,Medikamentöse Diabetestherapie,5002,checkbox,Glinide (NovoNorm; Starlix),Glinide (NovoNorm; Starlix),radio/checkbox,FALSE,,
q5002,160,TRUE,Medikamentöse Diabetestherapie,5002,checkbox,Thiazolidindione (Actos),Thiazolidindione (Actos),radio/checkbox,FALSE,,
q5002,160,TRUE,Medikamentöse Diabetestherapie,5002,checkbox,Basalinsulin (Lantus; Toujeo; Levemir; Tresiba; Insulatard),Basalinsulin (Lantus; Toujeo; Levemir; Tresiba; Insulatard),radio/checkbox,FALSE,,
q5002,160,TRUE,Medikamentöse Diabetestherapie,5002,checkbox,Bolusinsulin (NovoRapid; Humalog; Fiasp; Apidra),Bolusinsulin (NovoRapid; Humalog; Fiasp; Apidra),radio/checkbox,FALSE,,
q5002,160,TRUE,Medikamentöse Diabetestherapie,5002,checkbox,Mischinsulin (NovoMix; Humalog Mix; Insuman Comb),Mischinsulin (NovoMix; Humalog Mix; Insuman Comb),radio/checkbox,FALSE,,
q5002,160,TRUE,Medikamentöse Diabetestherapie,5002,checkbox,Insulinpumpe (Omnipod; Accu-Chek Insight; Medtronic MiniMed),Insulinpumpe (Omnipod; Accu-Chek Insight; Medtronic MiniMed),radio/checkbox,FALSE,,
q5002,160,TRUE,Medikamentöse Diabetestherapie,5002,checkbox,Sensorunterstützte Insulintherapie (Dexcom; FreeStyle Libre; Medtronic Guardian),Sensorunterstützte Insulintherapie (Dexcom; FreeStyle Libre; Medtronic Guardian),radio/checkbox,FALSE,,
q5002,160,TRUE,Medikamentöse Diabetestherapie,5002,checkbox,Kombinationstherapie oral (Janumet; Jentadueto; Segluromet; Xigduo),Kombinationstherapie oral (Janumet; Jentadueto; Segluromet; Xigduo),radio/checkbox,FALSE,,
q5002,160,TRUE,Medikamentöse Diabetestherapie,5002,checkbox,Insulin + Tablette (z. B. Basalinsulin + Metformin oder GLP-1-Analogon),Insulin + Tablette (z. B. Basalinsulin + Metformin oder GLP-1-Analogon),radio/checkbox,FALSE,,
q5002,160,TRUE,Medikamentöse Diabetestherapie,5002,checkbox,Andere Antidiabetika (Setmelanotid; Imeglimin),Andere Antidiabetika (Setmelanotid; Imeglimin),radio/checkbox,FALSE,,
q5002,160,TRUE,Medikamentöse Diabetestherapie,5002,checkbox,Keine medikamentöse Therapie,Keine medikamentöse Therapie,radio/checkbox,FALSE,,
q5002,160,TRUE,Medikamentöse Diabetestherapie,5002_freitext,text,_ weitere Präparate oder Kombinationen eingeben,,input,FALSE,,
q5002,161,TRUE,Wie wird Ihr Diabetes behandelt?,5002,checkbox,Diät,Diät,radio/checkbox,FALSE,,
q5002,161,TRUE,Wie wird Ihr Diabetes behandelt?,5002,checkbox,Forxiga,Forxiga,radio/checkbox,FALSE,,
q5002,161,TRUE,Wie wird Ihr Diabetes behandelt?,5002,checkbox,Glibenclamid,Glibenclamid,radio/checkbox,FALSE,,
q5002,161,TRUE,Wie wird Ihr Diabetes behandelt?,5002,checkbox,Insulin,Insulin,radio/checkbox,FALSE,,
q5002,161,TRUE,Wie wird Ihr Diabetes behandelt?,5002,checkbox,Januvia,Januvia,radio/checkbox,FALSE,,
q5002,161,TRUE,Wie wird Ihr Diabetes behandelt?,5002,checkbox,Jardiance,Jardiance,radio/checkbox,FALSE,,
q5002,161,TRUE,Wie wird Ihr Diabetes behandelt?,5002,checkbox,Metformin,Metformin,radio/checkbox,FALSE,,
q5002,161,TRUE,Wie wird Ihr Diabetes behandelt?,5002_freitext,text,_ sonstige,,input,FALSE,,
q5003,162,TRUE,Haben Sie eine der folgenden Komplikationen?,5003,checkbox,Diabetisches Fußsyndrom,Diabetisches Fußsyndrom,radio/checkbox,FALSE,,
q5003,162,TRUE,Haben Sie eine der folgenden Komplikationen?,5003,checkbox,Retinopathie,Retinopathie,radio/checkbox,FALSE,,
q5003,162,TRUE,Haben Sie eine der folgenden Komplikationen?,5003,checkbox,Neuropathie,Neuropathie,radio/checkbox,FALSE,,
q5003,162,TRUE,Haben Sie eine der folgenden Komplikationen?,5003,checkbox,Nephropathie,Nephropathie,radio/checkbox,FALSE,,
q6000,163,TRUE,Haben Sie körperliche Beeinträchtigungen?,6000,radio,Ja,Ja,radio/checkbox,FALSE,,"#q6000_pflegegrad,#q6000_gdb,#q6001"
q6000,163,TRUE,Haben Sie körperliche Beeinträchtigungen?,6000,radio,Nein,Nein,radio/checkbox,FALSE,,#q6002
q6000_pflegegrad,164,TRUE,Welcher Pflegegrad liegt vor?,6000_pflegegrad,select,Bitte wählen…,,select,FALSE,,
q6000_pflegegrad,164,TRUE,Welcher Pflegegrad liegt vor?,6000_pflegegrad,select,Pflegegrad 1 – geringe Beeinträchtigung der Selbstständigkeit,1,select,FALSE,,
q6000_pflegegrad,164,TRUE,Welcher Pflegegrad liegt vor?,6000_pflegegrad,select,Pflegegrad 2 – erhebliche Beeinträchtigung der Selbstständigkeit,2,select,FALSE,,
q6000_pflegegrad,164,TRUE,Welcher Pflegegrad liegt vor?,6000_pflegegrad,select,Pflegegrad 3 – schwere Beeinträchtigung der Selbstständigkeit,3,select,FALSE,,
q6000_pflegegrad,164,TRUE,Welcher Pflegegrad liegt vor?,6000_pflegegrad,select,Pflegegrad 4 – schwerste Beeinträchtigung der Selbstständigkeit,4,select,FALSE,,
q6000_pflegegrad,164,TRUE,Welcher Pflegegrad liegt vor?,6000_pflegegrad,select,Pflegegrad 5 – schwerste Beeinträchtigung der Selbstständigkeit mit besonderen Anforderungen an die pflegerische Versorgung,5,select,FALSE,,
q6001,165,TRUE,Welche Beeinträchtigungen haben Sie?,6001,checkbox,Künstlicher Darmausgang,Künstlicher Darmausgang data-next=,radio/checkbox,FALSE,,
q6001,165,TRUE,Welche Beeinträchtigungen haben Sie?,6001,checkbox,Am Rollator mobil,Am Rollator mobil data-next=,radio/checkbox,FALSE,,
q6001,165,TRUE,Welche Beeinträchtigungen haben Sie?,6001,checkbox,Auf Rollstuhl angewiesen,Auf Rollstuhl angewiesen data-next=,radio/checkbox,FALSE,,
q6001,165,TRUE,Welche Beeinträchtigungen haben Sie?,6001,checkbox,Gehbehinderung,Gehbehinderung data-next=,radio/checkbox,FALSE,,
q6001,165,TRUE,Welche Beeinträchtigungen haben Sie?,6001,checkbox,Oberschenkel-Amputiert,Oberschenkel-Amputiert data-next=,radio/checkbox,FALSE,,
q6001,165,TRUE,Welche Beeinträchtigungen haben Sie?,6001,checkbox,Unterschenkel-Amputiert,Unterschenkel-Amputiert data-next=,radio/checkbox,FALSE,,
q6001,165,TRUE,Welche Beeinträchtigungen haben Sie?,6001,checkbox,Hilfe beim An- und Auskleiden benötigt,Hilfe beim An- und Auskleiden benötigt data-next=,radio/checkbox,FALSE,,
q6001,165,TRUE,Welche Beeinträchtigungen haben Sie?,6001,checkbox,(Teil)Lähmung an den Extremitäten,(Teil)Lähmung an den Extremitäten data-next=,radio/checkbox,FALSE,,
q6001,165,TRUE,Welche Beeinträchtigungen haben Sie?,6001,checkbox,Schwerhörigkeit/Ertaubung,Schwerhörigkeit/Ertaubung data-next=,radio/checkbox,FALSE,,
q6001,165,TRUE,Welche Beeinträchtigungen haben Sie?,6001,checkbox,Sehkraftverlust,Sehkraftverlust data-next=,radio/checkbox,FALSE,,
q6001,165,TRUE,Welche Beeinträchtigungen haben Sie?,6001,checkbox,Urininkontinenz,Urininkontinenz data-next=,radio/checkbox,FALSE,,
q6001,165,TRUE,Welche Beeinträchtigungen haben Sie?,6001,checkbox,Stuhlinkontinenz,Stuhlinkontinenz data-next=,radio/checkbox,FALSE,,
q6001,165,TRUE,Welche Beeinträchtigungen haben Sie?,6001_freitext,text,_ andere Beeinträchtigungen,,input,FALSE,,
q6000_gdb,166,TRUE,Geben Sie den Grad Ihrer Behinderung (GdB) an und markieren Sie Merkzeichen,6000_gdb,number,ab 20 in 5er-Schritten,,input,FALSE,,
q6000_gdb,166,TRUE,Geben Sie den Grad Ihrer Behinderung (GdB) an und markieren Sie Merkzeichen,6000_merkzeichen,select,— bitte auswählen —,,select,FALSE,,
q6000_gdb,166,TRUE,Geben Sie den Grad Ihrer Behinderung (GdB) an und markieren Sie Merkzeichen,6000_merkzeichen,select,G – erhebliche Gehbeeinträchtigung,G,select,FALSE,,
q6000_gdb,166,TRUE,Geben Sie den Grad Ihrer Behinderung (GdB) an und markieren Sie Merkzeichen,6000_merkzeichen,select,aG – außergewöhnliche Gehbehinderung,aG,select,FALSE,,
q6000_gdb,166,TRUE,Geben Sie den Grad Ihrer Behinderung (GdB) an und markieren Sie Merkzeichen,6000_merkzeichen,select,B – Begleitperson erforderlich,B,select,FALSE,,
q6000_gdb,166,TRUE,Geben Sie den Grad Ihrer Behinderung (GdB) an und markieren Sie Merkzeichen,6000_merkzeichen,select,H – hilflos,H,select,FALSE,,
q6000_gdb,166,TRUE,Geben Sie den Grad Ihrer Behinderung (GdB) an und markieren Sie Merkzeichen,6000_merkzeichen,select,Bl – blind,Bl,select,FALSE,,
q6000_gdb,166,TRUE,Geben Sie den Grad Ihrer Behinderung (GdB) an und markieren Sie Merkzeichen,6000_merkzeichen,select,Gl – gehörlos,Gl,select,FALSE,,
q6000_gdb,166,TRUE,Geben Sie den Grad Ihrer Behinderung (GdB) an und markieren Sie Merkzeichen,6000_merkzeichen,select,TBl – taubblind,TBl,select,FALSE,,
q6000_gdb,166,TRUE,Geben Sie den Grad Ihrer Behinderung (GdB) an und markieren Sie Merkzeichen,6000_merkzeichen,select,RF – Ermäßigung beim Rundfunkbeitrag,RF,select,FALSE,,
q6002,167,TRUE,Tragen Sie Implantate?,6002,radio,Ja,Ja,radio/checkbox,FALSE,#q6003,
q6002,167,TRUE,Tragen Sie Implantate?,6002,radio,Nein,Nein,radio/checkbox,FALSE,#q6004,
q6003,168,TRUE,Welche Implantate?,6003,checkbox,Blasensphinkter,Blasensphinkter data-next=,radio/checkbox,FALSE,,
q6003,168,TRUE,Welche Implantate?,6003,checkbox,Cochleaimplantat,Cochleaimplantat data-next=,radio/checkbox,FALSE,,
q6003,168,TRUE,Welche Implantate?,6003,checkbox,Defibrillator,Defibrillator data-next=,radio/checkbox,FALSE,,
q6003,168,TRUE,Welche Implantate?,6003,checkbox,Gelenkendoprothese,Gelenkendoprothese data-next=,radio/checkbox,FALSE,,
q6003,168,TRUE,Welche Implantate?,6003,checkbox,Herzschrittmacher,Herzschrittmacher data-next=,radio/checkbox,FALSE,,
q6003,168,TRUE,Welche Implantate?,6003,checkbox,Künstliche Herzklappe,Künstliche Herzklappe data-next=,radio/checkbox,FALSE,,
q6003,168,TRUE,Welche Implantate?,6003_freitext,text,_ andere Implantate,,input,FALSE,,
q6004,169,TRUE,Erhalten Sie blutverdünnende Medikamente?,6004,radio,Ja,Ja,radio/checkbox,FALSE,#q6005,
q6004,169,TRUE,Erhalten Sie blutverdünnende Medikamente?,6004,radio,Nein,Nein,radio/checkbox,FALSE,#q6006,
q6005,170,TRUE,Welche Blutverdünner erhalten Sie?,6005,checkbox,ASS,ASS,radio/checkbox,FALSE,,#q6006
q6005,170,TRUE,Welche Blutverdünner erhalten Sie?,6005,checkbox,Brilique,Brilique,radio/checkbox,FALSE,,#q6006
q6005,170,TRUE,Welche Blutverdünner erhalten Sie?,6005,checkbox,Clopidogrel,Clopidogrel,radio/checkbox,FALSE,,#q6006
q6005,170,TRUE,Welche Blutverdünner erhalten Sie?,6005,checkbox,Efient,Efient,radio/checkbox,FALSE,,#q6006
q6005,170,TRUE,Welche Blutverdünner erhalten Sie?,6005,checkbox,Eliquis,Eliquis,radio/checkbox,FALSE,,#q6006
q6005,170,TRUE,Welche Blutverdünner erhalten Sie?,6005,checkbox,Lixiana,Lixiana,radio/checkbox,FALSE,,#q6006
q6005,170,TRUE,Welche Blutverdünner erhalten Sie?,6005,checkbox,Marcumar,Marcumar,radio/checkbox,FALSE,,#q6006
q6005,170,TRUE,Welche Blutverdünner erhalten Sie?,6005,checkbox,Pradaxa,Pradaxa,radio/checkbox,FALSE,,#q6006
q6005,170,TRUE,Welche Blutverdünner erhalten Sie?,6005,checkbox,Xarelto,Xarelto,radio/checkbox,FALSE,,#q6006
q6006,171,TRUE,Leiden Sie unter Allergien?,6006,radio,Ja,Ja,radio/checkbox,FALSE,,"#q6007,#q8900"
q6006,171,TRUE,Leiden Sie unter Allergien?,6006,radio,Nein,Nein,radio/checkbox,FALSE,,"#q7000,#q8000,#q8900"
q6007,172,TRUE,Ich leide unter folgenden Allergien/Intoleranzen:,6007,checkbox,Antibiotika,Antibiotika,radio/checkbox,FALSE,,"#q7000,#q8000"
q6007,172,TRUE,Ich leide unter folgenden Allergien/Intoleranzen:,6007,checkbox,Latex,Latex,radio/checkbox,FALSE,,"#q7000,#q8000"
q6007,172,TRUE,Ich leide unter folgenden Allergien/Intoleranzen:,6007,checkbox,Röntgenkontrastmittel,Röntgenkontrastmittel,radio/checkbox,FALSE,,"#q7000,#q8000"
q6007,172,TRUE,Ich leide unter folgenden Allergien/Intoleranzen:,6007,checkbox,Schmerzmedikamente,Schmerzmedikamente,radio/checkbox,FALSE,,"#q7000,#q8000"
q6007,172,TRUE,Ich leide unter folgenden Allergien/Intoleranzen:,6007,checkbox,Glutenunverträglichkeit,Glutenunverträglichkeit,radio/checkbox,FALSE,,"#q7000,#q8000"
q6007,172,TRUE,Ich leide unter folgenden Allergien/Intoleranzen:,6007,checkbox,Lactoseintoleranz,Lactoseintoleranz,radio/checkbox,FALSE,,"#q7000,#q8000"
q6007,172,TRUE,Ich leide unter folgenden Allergien/Intoleranzen:,6007,checkbox,Pollen,Pollen,radio/checkbox,FALSE,,"#q7000,#q8000"
q6007,172,TRUE,Ich leide unter folgenden Allergien/Intoleranzen:,6007,checkbox,Milben,Milben,radio/checkbox,FALSE,,"#q7000,#q8000"
q6007,172,TRUE,Ich leide unter folgenden Allergien/Intoleranzen:,6007,checkbox,Tierhaare,Tierhaare,radio/checkbox,FALSE,,"#q7000,#q8000"
q6007,172,TRUE,Ich leide unter folgenden Allergien/Intoleranzen:,6007,checkbox,"Nahrungsmittel (z. B. Nüsse, Obst, Gluten, Milch)","Nahrungsmittel (z. B. Nüsse, Obst, Gluten, Milch)",radio/checkbox,FALSE,,"#q7000,#q8000"
q6007,172,TRUE,Ich leide unter folgenden Allergien/Intoleranzen:,6007_freitext,text,Andere Allergien hier eintragen,,input,FALSE,,"#q7000,#q8000"
q6008,173,TRUE,Mobilität (Gehhilfen / Fortbewegung),6008,checkbox,ohne Hilfsmittel mobil,ohne Hilfsmittel mobil,radio/checkbox,FALSE,,
q6008,173,TRUE,Mobilität (Gehhilfen / Fortbewegung),6008,checkbox,Gehstock,Gehstock,radio/checkbox,FALSE,,
q6008,173,TRUE,Mobilität (Gehhilfen / Fortbewegung),6008,checkbox,Rollator,Rollator,radio/checkbox,FALSE,,
q6008,173,TRUE,Mobilität (Gehhilfen / Fortbewegung),6008,checkbox,Rollstuhl,Rollstuhl,radio/checkbox,FALSE,,
q6008,173,TRUE,Mobilität (Gehhilfen / Fortbewegung),6008,checkbox,bettlägerig,bettlägerig,radio/checkbox,FALSE,,
q6008,173,TRUE,Mobilität (Gehhilfen / Fortbewegung),6008_freitext,text,_ weitere Angaben zur Mobilität,,input,FALSE,,
q6009,174,TRUE,Sturzrisiko (Stürze im letzten Jahr),6009_sturz,radio,keine Stürze,keine Stürze,radio/checkbox,FALSE,,
q6009,174,TRUE,Sturzrisiko (Stürze im letzten Jahr),6009_sturz,radio,1–2 Stürze,1–2 Stürze,radio/checkbox,FALSE,,
q6009,174,TRUE,Sturzrisiko (Stürze im letzten Jahr),6009_sturz,radio,≥ 3 Stürze,≥ 3 Stürze,radio/checkbox,FALSE,,
q6009,174,TRUE,Sturzrisiko (Stürze im letzten Jahr),6009_freitext,text,_ Umstände / Folgen der Stürze,,input,FALSE,,
q6010,175,TRUE,"Selbstversorgung (z. B. Waschen, Ankleiden, Essen)",6010,radio,vollständig selbstständig,vollständig selbstständig,radio/checkbox,FALSE,,
q6010,175,TRUE,"Selbstversorgung (z. B. Waschen, Ankleiden, Essen)",6010,radio,teilweise auf Hilfe angewiesen,teilweise auf Hilfe angewiesen,radio/checkbox,FALSE,,
q6010,175,TRUE,"Selbstversorgung (z. B. Waschen, Ankleiden, Essen)",6010,radio,weitgehend hilfsbedürftig,weitgehend hilfsbedürftig,radio/checkbox,FALSE,,
q6011,176,TRUE,Kognitive Einschränkung (Gedächtnis / Orientierung),6011,checkbox,keine Einschränkungen bekannt,keine Einschränkungen bekannt,radio/checkbox,FALSE,,
q6011,176,TRUE,Kognitive Einschränkung (Gedächtnis / Orientierung),6011,checkbox,Gedächtnisprobleme,Gedächtnisprobleme,radio/checkbox,FALSE,,
q6011,176,TRUE,Kognitive Einschränkung (Gedächtnis / Orientierung),6011,checkbox,Orientierungsprobleme,Orientierungsprobleme,radio/checkbox,FALSE,,
q6011,176,TRUE,Kognitive Einschränkung (Gedächtnis / Orientierung),6011,checkbox,Konzentrations-/Aufmerksamkeitsstörungen,Konzentrations-/Aufmerksamkeitsstörungen,radio/checkbox,FALSE,,
q6011,176,TRUE,Kognitive Einschränkung (Gedächtnis / Orientierung),6011_freitext,text,_ weitere Angaben (z. B. Demenzdiagnose),,input,FALSE,,
q7000,177,FALSE,Haben Sie eine der folgenden Gesundheitsstörungen?,7000,checkbox,Bluthochdruck,Bluthochdruck,radio/checkbox,FALSE,,
q7000,177,FALSE,Haben Sie eine der folgenden Gesundheitsstörungen?,7000,checkbox,Blutung/Gerinnungsstörung,Blutung/Gerinnungsstörung,radio/checkbox,FALSE,,#q7001
q7000,177,FALSE,Haben Sie eine der folgenden Gesundheitsstörungen?,7000,checkbox,Chronische Lungenerkrankung (Asthma/COPD),Chronische Lungenerkrankung (Asthma/COPD),radio/checkbox,FALSE,,"#q7002,#q1121"
q7000,177,FALSE,Haben Sie eine der folgenden Gesundheitsstörungen?,7000,checkbox,Dialyseabhängigkeit,Dialyseabhängigkeit,radio/checkbox,FALSE,,#q7003
q7000,177,FALSE,Haben Sie eine der folgenden Gesundheitsstörungen?,7000,checkbox,Depression/Gemütsstörung,Depression/Gemütsstörung,radio/checkbox,FALSE,,#q7004
q7000,177,FALSE,Haben Sie eine der folgenden Gesundheitsstörungen?,7000,checkbox,Herzschwäche/Herzrhythmusstörung,Herzschwäche/Herzrhythmusstörung,radio/checkbox,FALSE,,#q7005
q7000,177,FALSE,Haben Sie eine der folgenden Gesundheitsstörungen?,7000,checkbox,Leber/Magen-Darm-Erkrankungen,Leber/Magen-Darm-Erkrankungen,radio/checkbox,FALSE,,#q7006
q7000,177,FALSE,Haben Sie eine der folgenden Gesundheitsstörungen?,7000,checkbox,MRSA-Infektion in der Vergangenheit,MRSA-Infektion in der Vergangenheit,radio/checkbox,FALSE,,#q7007
q7000,177,FALSE,Haben Sie eine der folgenden Gesundheitsstörungen?,7000,checkbox,Nierenfunktionsstörung,Nierenfunktionsstörung,radio/checkbox,FALSE,,#q7008
q7000,177,FALSE,Haben Sie eine der folgenden Gesundheitsstörungen?,7000,checkbox,Erkrankung des Nervensystems,Erkrankung des Nervensystems,radio/checkbox,FALSE,,#q7009
q7000,177,FALSE,Haben Sie eine der folgenden Gesundheitsstörungen?,7000,checkbox,Rheuma,Rheuma,radio/checkbox,FALSE,,#q7010
q7000,177,FALSE,Haben Sie eine der folgenden Gesundheitsstörungen?,7000,checkbox,Schilddrüsenerkrankung,Schilddrüsenerkrankung,radio/checkbox,FALSE,,#q7011
q7000,177,FALSE,Haben Sie eine der folgenden Gesundheitsstörungen?,7000_freitext,text,_ Weitere Diagnosen oder Vorerkrankungen hier eintragen,,input,FALSE,,
q7000,177,FALSE,Haben Sie eine der folgenden Gesundheitsstörungen?,7102_leitsymptome,checkbox,Husten,Husten,radio/checkbox,FALSE,,
q7000,177,FALSE,Haben Sie eine der folgenden Gesundheitsstörungen?,7102_leitsymptome,checkbox,pfeifende Atmung,pfeifende Atmung,radio/checkbox,FALSE,,
q7000,177,FALSE,Haben Sie eine der folgenden Gesundheitsstörungen?,7102_leitsymptome,checkbox,Luftnot,Luftnot,radio/checkbox,FALSE,,
q7000,177,FALSE,Haben Sie eine der folgenden Gesundheitsstörungen?,7102_leitsymptome,checkbox,Brustenge,Brustenge,radio/checkbox,FALSE,,
q7000,177,FALSE,Haben Sie eine der folgenden Gesundheitsstörungen?,7102_hustenart,select,Bitte wählen…,,select,FALSE,,
q7000,177,FALSE,Haben Sie eine der folgenden Gesundheitsstörungen?,7102_hustenart,select,trocken,trocken,select,FALSE,,
q7000,177,FALSE,Haben Sie eine der folgenden Gesundheitsstörungen?,7102_hustenart,select,produktiv,produktiv,select,FALSE,,
q7000,177,FALSE,Haben Sie eine der folgenden Gesundheitsstörungen?,7102_hustenart,select,wechselnd,wechselnd,select,FALSE,,
q7000,177,FALSE,Haben Sie eine der folgenden Gesundheitsstörungen?,7102_saison,checkbox,Frühling,Frühling,radio/checkbox,FALSE,,
q7000,177,FALSE,Haben Sie eine der folgenden Gesundheitsstörungen?,7102_saison,checkbox,Sommer,Sommer,radio/checkbox,FALSE,,
q7000,177,FALSE,Haben Sie eine der folgenden Gesundheitsstörungen?,7102_saison,checkbox,Herbst,Herbst,radio/checkbox,FALSE,,
q7000,177,FALSE,Haben Sie eine der folgenden Gesundheitsstörungen?,7102_saison,checkbox,Winter,Winter,radio/checkbox,FALSE,,
q7000,177,FALSE,Haben Sie eine der folgenden Gesundheitsstörungen?,7102_trigger_allergie,checkbox,Anstrengung,Anstrengung,radio/checkbox,FALSE,,
q7000,177,FALSE,Haben Sie eine der folgenden Gesundheitsstörungen?,7102_trigger_allergie,checkbox,Pollen,Pollen,radio/checkbox,FALSE,,
q7000,177,FALSE,Haben Sie eine der folgenden Gesundheitsstörungen?,7102_trigger_allergie,checkbox,Hausstaub,Hausstaub,radio/checkbox,FALSE,,
q7000,177,FALSE,Haben Sie eine der folgenden Gesundheitsstörungen?,7102_trigger_allergie,checkbox,Tier,Tier,radio/checkbox,FALSE,,
q7000,177,FALSE,Haben Sie eine der folgenden Gesundheitsstörungen?,7102_trigger_allergie,checkbox,Schimmel/Feuchte,Schimmel/Feuchte,radio/checkbox,FALSE,,
q7000,177,FALSE,Haben Sie eine der folgenden Gesundheitsstörungen?,7102_trigger_allergie,checkbox,Kälte,Kälte,radio/checkbox,FALSE,,
q7000,177,FALSE,Haben Sie eine der folgenden Gesundheitsstörungen?,7102_trigger_allergie,checkbox,Reizstoffe,Reizstoffe,radio/checkbox,FALSE,,
q7000,177,FALSE,Haben Sie eine der folgenden Gesundheitsstörungen?,7102_trigger_allergie,checkbox,Wetterwechsel,Wetterwechsel,radio/checkbox,FALSE,,
q7000,177,FALSE,Haben Sie eine der folgenden Gesundheitsstörungen?,7102_freq_day,radio,≤2×/Woche,≤2×/Woche,radio/checkbox,FALSE,,
q7000,177,FALSE,Haben Sie eine der folgenden Gesundheitsstörungen?,7102_freq_day,radio,>2×/Woche,>2×/Woche,radio/checkbox,FALSE,,
q7000,177,FALSE,Haben Sie eine der folgenden Gesundheitsstörungen?,7102_freq_day,radio,täglich,täglich,radio/checkbox,FALSE,,
q7000,177,FALSE,Haben Sie eine der folgenden Gesundheitsstörungen?,7102_night,radio,nein,nein,radio/checkbox,FALSE,,
q7000,177,FALSE,Haben Sie eine der folgenden Gesundheitsstörungen?,7102_night,radio,1–2×/Monat,1–2×/Monat,radio/checkbox,FALSE,,
q7000,177,FALSE,Haben Sie eine der folgenden Gesundheitsstörungen?,7102_night,radio,≥1×/Woche,≥1×/Woche,radio/checkbox,FALSE,,
q7000,177,FALSE,Haben Sie eine der folgenden Gesundheitsstörungen?,7102_saba_use,radio,≤2×/Woche,≤2×/Woche,radio/checkbox,FALSE,,
q7000,177,FALSE,Haben Sie eine der folgenden Gesundheitsstörungen?,7102_saba_use,radio,>2×/Woche,>2×/Woche,radio/checkbox,FALSE,,
q7000,177,FALSE,Haben Sie eine der folgenden Gesundheitsstörungen?,7102_saba_use,radio,täglich,täglich,radio/checkbox,FALSE,,
q7000,177,FALSE,Haben Sie eine der folgenden Gesundheitsstörungen?,7102_activity,radio,nein,nein,radio/checkbox,FALSE,,
q7000,177,FALSE,Haben Sie eine der folgenden Gesundheitsstörungen?,7102_activity,radio,leicht,leicht,radio/checkbox,FALSE,,
q7000,177,FALSE,Haben Sie eine der folgenden Gesundheitsstörungen?,7102_activity,radio,deutlich,deutlich,radio/checkbox,FALSE,,
q7000,177,FALSE,Haben Sie eine der folgenden Gesundheitsstörungen?,7102_exac_count,number,,,input,FALSE,,
q7000,177,FALSE,Haben Sie eine der folgenden Gesundheitsstörungen?,7102_exac_ocs,radio,OCS nötig? ja,OCS nötig: ja,radio/checkbox,FALSE,,
q7000,177,FALSE,Haben Sie eine der folgenden Gesundheitsstörungen?,7102_exac_ocs,radio,OCS nötig? nein,OCS nötig: nein,radio/checkbox,FALSE,,
q7000,177,FALSE,Haben Sie eine der folgenden Gesundheitsstörungen?,7102_exac_hosp,radio,Klinikaufnahme? ja,Klinikaufnahme: ja,radio/checkbox,FALSE,,
q7000,177,FALSE,Haben Sie eine der folgenden Gesundheitsstörungen?,7102_exac_hosp,radio,Klinikaufnahme? nein,Klinikaufnahme: nein,radio/checkbox,FALSE,,
q7000,177,FALSE,Haben Sie eine der folgenden Gesundheitsstörungen?,7102_exac_intub,radio,notwendige Intubation ja,Intubation notwendig: ja,radio/checkbox,FALSE,,
q7000,177,FALSE,Haben Sie eine der folgenden Gesundheitsstörungen?,7102_exac_intub,radio,notwendige Intubation nein,Intubation notwendig: nein,radio/checkbox,FALSE,,
q7000,177,FALSE,Haben Sie eine der folgenden Gesundheitsstörungen?,7102_pneumothorax,radio,Frühere Pneumothorax: ja,Frühere Pneumothorax: ja,radio/checkbox,FALSE,,
q7000,177,FALSE,Haben Sie eine der folgenden Gesundheitsstörungen?,7102_pneumothorax,radio,Frühere Pneumothorax: nein,Frühere Pneumothorax: nein,radio/checkbox,FALSE,,
q7000,177,FALSE,Haben Sie eine der folgenden Gesundheitsstörungen?,7102_trigger2,checkbox,Infekte,Infekte,radio/checkbox,FALSE,,
q7000,177,FALSE,Haben Sie eine der folgenden Gesundheitsstörungen?,7102_trigger2,checkbox,Anstrengung,Anstrengung,radio/checkbox,FALSE,,
q7000,177,FALSE,Haben Sie eine der folgenden Gesundheitsstörungen?,7102_trigger2,checkbox,Allergene (Pollen/Tier/Staub),Allergene (Pollen/Tier/Staub),radio/checkbox,FALSE,,
q7000,177,FALSE,Haben Sie eine der folgenden Gesundheitsstörungen?,7102_trigger2,checkbox,Kälte,Kälte,radio/checkbox,FALSE,,
q7000,177,FALSE,Haben Sie eine der folgenden Gesundheitsstörungen?,7102_trigger2,checkbox,Rauch/Dämpfe,Rauch/Dämpfe,radio/checkbox,FALSE,,
q7000,177,FALSE,Haben Sie eine der folgenden Gesundheitsstörungen?,7102_trigger2,checkbox,Arbeit,Arbeit,radio/checkbox,FALSE,,
q7102,178,TRUE,Asthma/COPD – Verlauf und Kontrolle,7102_leitsymptome,checkbox,Husten,Husten,radio/checkbox,FALSE,,
q7102,178,TRUE,Asthma/COPD – Verlauf und Kontrolle,7102_leitsymptome,checkbox,pfeifende Atmung,pfeifende Atmung,radio/checkbox,FALSE,,
q7102,178,TRUE,Asthma/COPD – Verlauf und Kontrolle,7102_leitsymptome,checkbox,Luftnot,Luftnot,radio/checkbox,FALSE,,
q7102,178,TRUE,Asthma/COPD – Verlauf und Kontrolle,7102_leitsymptome,checkbox,Brustenge,Brustenge,radio/checkbox,FALSE,,
q7102,178,TRUE,Asthma/COPD – Verlauf und Kontrolle,7102_hustenart,select,Bitte wählen…,,select,FALSE,,
q7102,178,TRUE,Asthma/COPD – Verlauf und Kontrolle,7102_hustenart,select,trocken,trocken,select,FALSE,,
q7102,178,TRUE,Asthma/COPD – Verlauf und Kontrolle,7102_hustenart,select,produktiv,produktiv,select,FALSE,,
q7102,178,TRUE,Asthma/COPD – Verlauf und Kontrolle,7102_hustenart,select,wechselnd,wechselnd,select,FALSE,,
q7102,178,TRUE,Asthma/COPD – Verlauf und Kontrolle,7102_saison,checkbox,Frühling,Frühling,radio/checkbox,FALSE,,
q7102,178,TRUE,Asthma/COPD – Verlauf und Kontrolle,7102_saison,checkbox,Sommer,Sommer,radio/checkbox,FALSE,,
q7102,178,TRUE,Asthma/COPD – Verlauf und Kontrolle,7102_saison,checkbox,Herbst,Herbst,radio/checkbox,FALSE,,
q7102,178,TRUE,Asthma/COPD – Verlauf und Kontrolle,7102_saison,checkbox,Winter,Winter,radio/checkbox,FALSE,,
q7102,178,TRUE,Asthma/COPD – Verlauf und Kontrolle,7102_trigger_allergie,checkbox,Anstrengung,Anstrengung,radio/checkbox,FALSE,,
q7102,178,TRUE,Asthma/COPD – Verlauf und Kontrolle,7102_trigger_allergie,checkbox,Pollen,Pollen,radio/checkbox,FALSE,,
q7102,178,TRUE,Asthma/COPD – Verlauf und Kontrolle,7102_trigger_allergie,checkbox,Hausstaub,Hausstaub,radio/checkbox,FALSE,,
q7102,178,TRUE,Asthma/COPD – Verlauf und Kontrolle,7102_trigger_allergie,checkbox,Tier,Tier,radio/checkbox,FALSE,,
q7102,178,TRUE,Asthma/COPD – Verlauf und Kontrolle,7102_trigger_allergie,checkbox,Schimmel/Feuchte,Schimmel/Feuchte,radio/checkbox,FALSE,,
q7102,178,TRUE,Asthma/COPD – Verlauf und Kontrolle,7102_trigger_allergie,checkbox,Kälte,Kälte,radio/checkbox,FALSE,,
q7102,178,TRUE,Asthma/COPD – Verlauf und Kontrolle,7102_trigger_allergie,checkbox,Reizstoffe,Reizstoffe,radio/checkbox,FALSE,,
q7102,178,TRUE,Asthma/COPD – Verlauf und Kontrolle,7102_trigger_allergie,checkbox,Wetterwechsel,Wetterwechsel,radio/checkbox,FALSE,,
q7102,178,TRUE,Asthma/COPD – Verlauf und Kontrolle,7102_freq_day,radio,≤2×/Woche,≤2×/Woche,radio/checkbox,FALSE,,
q7102,178,TRUE,Asthma/COPD – Verlauf und Kontrolle,7102_freq_day,radio,>2×/Woche,>2×/Woche,radio/checkbox,FALSE,,
q7102,178,TRUE,Asthma/COPD – Verlauf und Kontrolle,7102_freq_day,radio,täglich,täglich,radio/checkbox,FALSE,,
q7102,178,TRUE,Asthma/COPD – Verlauf und Kontrolle,7102_night,radio,nein,nein,radio/checkbox,FALSE,,
q7102,178,TRUE,Asthma/COPD – Verlauf und Kontrolle,7102_night,radio,1–2×/Monat,1–2×/Monat,radio/checkbox,FALSE,,
q7102,178,TRUE,Asthma/COPD – Verlauf und Kontrolle,7102_night,radio,≥1×/Woche,≥1×/Woche,radio/checkbox,FALSE,,
q7102,178,TRUE,Asthma/COPD – Verlauf und Kontrolle,7102_saba_use,radio,≤2×/Woche,≤2×/Woche,radio/checkbox,FALSE,,
q7102,178,TRUE,Asthma/COPD – Verlauf und Kontrolle,7102_saba_use,radio,>2×/Woche,>2×/Woche,radio/checkbox,FALSE,,
q7102,178,TRUE,Asthma/COPD – Verlauf und Kontrolle,7102_saba_use,radio,täglich,täglich,radio/checkbox,FALSE,,
q7102,178,TRUE,Asthma/COPD – Verlauf und Kontrolle,7102_activity,radio,nein,nein,radio/checkbox,FALSE,,
q7102,178,TRUE,Asthma/COPD – Verlauf und Kontrolle,7102_activity,radio,leicht,leicht,radio/checkbox,FALSE,,
q7102,178,TRUE,Asthma/COPD – Verlauf und Kontrolle,7102_activity,radio,deutlich,deutlich,radio/checkbox,FALSE,,
q7102,178,TRUE,Asthma/COPD – Verlauf und Kontrolle,7102_exac_count,number,,,input,FALSE,,
q7102,178,TRUE,Asthma/COPD – Verlauf und Kontrolle,7102_exac_ocs,radio,OCS nötig? ja,OCS nötig: ja,radio/checkbox,FALSE,,
q7102,178,TRUE,Asthma/COPD – Verlauf und Kontrolle,7102_exac_ocs,radio,OCS nötig? nein,OCS nötig: nein,radio/checkbox,FALSE,,
q7102,178,TRUE,Asthma/COPD – Verlauf und Kontrolle,7102_exac_hosp,radio,Klinikaufnahme? ja,Klinikaufnahme: ja,radio/checkbox,FALSE,,
q7102,178,TRUE,Asthma/COPD – Verlauf und Kontrolle,7102_exac_hosp,radio,Klinikaufnahme? nein,Klinikaufnahme: nein,radio/checkbox,FALSE,,
q7102,178,TRUE,Asthma/COPD – Verlauf und Kontrolle,7102_exac_intub,radio,notwendige Intubation ja,Intubation notwendig: ja,radio/checkbox,FALSE,,
q7102,178,TRUE,Asthma/COPD – Verlauf und Kontrolle,7102_exac_intub,radio,notwendige Intubation nein,Intubation notwendig: nein,radio/checkbox,FALSE,,
q7102,178,TRUE,Asthma/COPD – Verlauf und Kontrolle,7102_pneumothorax,radio,Frühere Pneumothorax: ja,Frühere Pneumothorax: ja,radio/checkbox,FALSE,,
q7102,178,TRUE,Asthma/COPD – Verlauf und Kontrolle,7102_pneumothorax,radio,Frühere Pneumothorax: nein,Frühere Pneumothorax: nein,radio/checkbox,FALSE,,
q7102,178,TRUE,Asthma/COPD – Verlauf und Kontrolle,7102_trigger2,checkbox,Infekte,Infekte,radio/checkbox,FALSE,,
q7102,178,TRUE,Asthma/COPD – Verlauf und Kontrolle,7102_trigger2,checkbox,Anstrengung,Anstrengung,radio/checkbox,FALSE,,
q7102,178,TRUE,Asthma/COPD – Verlauf und Kontrolle,7102_trigger2,checkbox,Allergene (Pollen/Tier/Staub),Allergene (Pollen/Tier/Staub),radio/checkbox,FALSE,,
q7102,178,TRUE,Asthma/COPD – Verlauf und Kontrolle,7102_trigger2,checkbox,Kälte,Kälte,radio/checkbox,FALSE,,
q7102,178,TRUE,Asthma/COPD – Verlauf und Kontrolle,7102_trigger2,checkbox,Rauch/Dämpfe,Rauch/Dämpfe,radio/checkbox,FALSE,,
q7102,178,TRUE,Asthma/COPD – Verlauf und Kontrolle,7102_trigger2,checkbox,Arbeit,Arbeit,radio/checkbox,FALSE,,
q7001,179,TRUE,Welche Gerinnungsstörung haben Sie?,7001,checkbox,Antiphospholipidsyndrom,Antiphospholipidsyndrom,radio/checkbox,FALSE,,
q7001,179,TRUE,Welche Gerinnungsstörung haben Sie?,7001,checkbox,Antithrombin-III-Mangel,Antithrombin-III-Mangel,radio/checkbox,FALSE,,
q7001,179,TRUE,Welche Gerinnungsstörung haben Sie?,7001,checkbox,Faktor-V-Leiden-Mutation (APC-Resistenz),Faktor-V-Leiden-Mutation (APC-Resistenz),radio/checkbox,FALSE,,
q7001,179,TRUE,Welche Gerinnungsstörung haben Sie?,7001,checkbox,Hämophilie A,Hämophilie A,radio/checkbox,FALSE,,
q7001,179,TRUE,Welche Gerinnungsstörung haben Sie?,7001,checkbox,Heparin-induzierte Thrombozytopenie,Heparin-induzierte Thrombozytopenie,radio/checkbox,FALSE,,
q7001,179,TRUE,Welche Gerinnungsstörung haben Sie?,7001,checkbox,Hyperhomocysteinämie,Hyperhomocysteinämie,radio/checkbox,FALSE,,
q7001,179,TRUE,Welche Gerinnungsstörung haben Sie?,7001,checkbox,Protein-C-Mangel,Protein-C-Mangel,radio/checkbox,FALSE,,
q7001,179,TRUE,Welche Gerinnungsstörung haben Sie?,7001,checkbox,Protein-S-Mangel,Protein-S-Mangel,radio/checkbox,FALSE,,
q7001,179,TRUE,Welche Gerinnungsstörung haben Sie?,7001,checkbox,Von-Willebrand-Syndrom,Von-Willebrand-Syndrom,radio/checkbox,FALSE,,
q7001,179,TRUE,Welche Gerinnungsstörung haben Sie?,7001_freitext,text,_ andere Gerinnungsstörungen,,input,FALSE,,
q7002,180,TRUE,Welche Lungenerkrankung haben Sie?,7002,checkbox,Asthma bronchiale,Asthma bronchiale,radio/checkbox,FALSE,,#q7102
q7002,180,TRUE,Welche Lungenerkrankung haben Sie?,7002,checkbox,Chronisch obstruktive Lungenerkrankung (COPD),Chronisch obstruktive Lungenerkrankung (COPD),radio/checkbox,FALSE,,#q7102
q7002,180,TRUE,Welche Lungenerkrankung haben Sie?,7002,checkbox,Lungenemphysem,Lungenemphysem,radio/checkbox,FALSE,,#q7102
q7002,180,TRUE,Welche Lungenerkrankung haben Sie?,7002,checkbox,Bronchiektasen,Bronchiektasen,radio/checkbox,FALSE,,#q7102
q7002,180,TRUE,Welche Lungenerkrankung haben Sie?,7002,checkbox,Chronische Bronchitis (nicht obstruktiv),Chronische Bronchitis (nicht obstruktiv),radio/checkbox,FALSE,,#q7102
q7002,180,TRUE,Welche Lungenerkrankung haben Sie?,7002,checkbox,Idiopathische pulmonale Fibrose (IPF),Idiopathische pulmonale Fibrose (IPF),radio/checkbox,FALSE,,#q7102
q7002,180,TRUE,Welche Lungenerkrankung haben Sie?,7002,checkbox,"Pneumokoniosen (z. B. Silikose, Asbestose)","Pneumokoniosen (z. B. Silikose, Asbestose)",radio/checkbox,FALSE,,#q7102
q7002,180,TRUE,Welche Lungenerkrankung haben Sie?,7002,checkbox,Sarkoidose (Lunge),Sarkoidose (Lunge),radio/checkbox,FALSE,,#q7102
q7002,180,TRUE,Welche Lungenerkrankung haben Sie?,7002_freitext,text,_ weitere Lungenerkrankung,,input,FALSE,,
q7003,181,TRUE,Angaben zur Dialyseform,7003,checkbox,Hämodialyse,Hämodialyse,radio/checkbox,FALSE,,
q7003,181,TRUE,Angaben zur Dialyseform,7003,checkbox,Peritonealdialyse,Peritonealdialyse,radio/checkbox,FALSE,,
q7003,181,TRUE,Angaben zur Dialyseform,7003,checkbox,Über funktionierenden AV-Shunt,Über funktionierenden AV-Shunt,radio/checkbox,FALSE,,
q7003,181,TRUE,Angaben zur Dialyseform,7003,checkbox,Über Dialysekatheter,Über Dialysekatheter,radio/checkbox,FALSE,,
q7004,182,TRUE,Unter welcher Gemütsstörung leiden Sie?,7004,checkbox,Major Depression (rezidivierende depressive Störung),Major Depression (rezidivierende depressive Störung),radio/checkbox,FALSE,,
q7004,182,TRUE,Unter welcher Gemütsstörung leiden Sie?,7004,checkbox,Dysthymie - anhaltende depressive Störung,Dysthymie - anhaltende depressive Störung,radio/checkbox,FALSE,,
q7004,182,TRUE,Unter welcher Gemütsstörung leiden Sie?,7004,checkbox,"Schizoaffektive Störung, depressive Form","Schizoaffektive Störung, depressive Form",radio/checkbox,FALSE,,
q7004,182,TRUE,Unter welcher Gemütsstörung leiden Sie?,7004,checkbox,Saisonal abhängige Depression (Winterdepression),Saisonal abhängige Depression (Winterdepression),radio/checkbox,FALSE,,
q7004,182,TRUE,Unter welcher Gemütsstörung leiden Sie?,7004,checkbox,Bipolare affektive Störung (manisch-depressiv),Bipolare affektive Störung (manisch-depressiv),radio/checkbox,FALSE,,
q7004,182,TRUE,Unter welcher Gemütsstörung leiden Sie?,7004,checkbox,Anpassungsstörung mit depressiver Reaktion,Anpassungsstörung mit depressiver Reaktion,radio/checkbox,FALSE,,
q7004,182,TRUE,Unter welcher Gemütsstörung leiden Sie?,7004_freitext,text,_ weitere Gemütsstörung / Details,,input,FALSE,,
q7005,183,TRUE,Angaben zu Herzerkrankungen,7005,checkbox,Herzklappenerkrankung,Herzklappenerkrankung,radio/checkbox,FALSE,,
q7005,183,TRUE,Angaben zu Herzerkrankungen,7005,checkbox,Kardiomyopathie,Kardiomyopathie,radio/checkbox,FALSE,,
q7005,183,TRUE,Angaben zu Herzerkrankungen,7005,checkbox,Offenes Foramen ovale,Offenes Foramen ovale,radio/checkbox,FALSE,,
q7005,183,TRUE,Angaben zu Herzerkrankungen,7005,checkbox,Vorhofflimmern,Vorhofflimmern,radio/checkbox,FALSE,,
q7005,183,TRUE,Angaben zu Herzerkrankungen,7005_freitext,text,_ weitere Herzerkrankung,,input,FALSE,,
q7006,184,TRUE,Angaben zu Magen-Darmerkrankungen,7006,checkbox,biliäre Zirrhose,biliäre Zirrhose,radio/checkbox,FALSE,,
q7006,184,TRUE,Angaben zu Magen-Darmerkrankungen,7006,checkbox,chron. Hepatitis,chron. Hepatitis,radio/checkbox,FALSE,,
q7006,184,TRUE,Angaben zu Magen-Darmerkrankungen,7006,checkbox,Colitis ulcerosa,Colitis ulcerosa,radio/checkbox,FALSE,,
q7006,184,TRUE,Angaben zu Magen-Darmerkrankungen,7006,checkbox,Divertikelentzündungen,Divertikelentzündungen,radio/checkbox,FALSE,,
q7006,184,TRUE,Angaben zu Magen-Darmerkrankungen,7006,checkbox,Fettleber,Fettleber,radio/checkbox,FALSE,,
q7006,184,TRUE,Angaben zu Magen-Darmerkrankungen,7006,checkbox,GERD - Gastrooesophagealer Reflux,GERD - Gastrooesophagealer Reflux,radio/checkbox,FALSE,,
q7006,184,TRUE,Angaben zu Magen-Darmerkrankungen,7006,checkbox,Gallensteinleiden,Gallensteinleiden,radio/checkbox,FALSE,,
q7006,184,TRUE,Angaben zu Magen-Darmerkrankungen,7006,checkbox,Leberzirrhose,Leberzirrhose,radio/checkbox,FALSE,,
q7006,184,TRUE,Angaben zu Magen-Darmerkrankungen,7006,checkbox,Morbus Crohn,Morbus Crohn,radio/checkbox,FALSE,,
q7006,184,TRUE,Angaben zu Magen-Darmerkrankungen,7006,checkbox,Pankreatitis,Pankreatitis,radio/checkbox,FALSE,,
q7006,184,TRUE,Angaben zu Magen-Darmerkrankungen,7006,checkbox,Pfortaderthrombose,Pfortaderthrombose,radio/checkbox,FALSE,,
q7006,184,TRUE,Angaben zu Magen-Darmerkrankungen,7006_freitext,text,_ weitere Magen-Darm-Erkrankung,,input,FALSE,,
q7007,185,TRUE,Angaben zu MRSA,7007,checkbox,erfolgreich eradiziert,erfolgreich eradiziert,radio/checkbox,FALSE,,
q7007,185,TRUE,Angaben zu MRSA,7007,checkbox,weiterhin vorhanden,weiterhin vorhanden,radio/checkbox,FALSE,,
q7008,186,TRUE,Um welchen Nierenerkrankung handelt es sich?,7008,checkbox,Niereninsuffizienz (nicht dialysepflichtig),Niereninsuffizienz (nicht dialysepflichtig),radio/checkbox,FALSE,,
q7008,186,TRUE,Um welchen Nierenerkrankung handelt es sich?,7008,checkbox,Zystennieren,Zystennieren,radio/checkbox,FALSE,,
q7008,186,TRUE,Um welchen Nierenerkrankung handelt es sich?,7008,checkbox,Nierenbeckenentzündungen rezidivierend,Nierenbeckenentzündungen rezidivierend,radio/checkbox,FALSE,,
q7008,186,TRUE,Um welchen Nierenerkrankung handelt es sich?,7008,checkbox,Glomerulonephritis,Glomerulonephritis,radio/checkbox,FALSE,,
q7008,186,TRUE,Um welchen Nierenerkrankung handelt es sich?,7008_freitext,text,_ weitere Nierenerkrankung,,input,FALSE,,
q7009,187,TRUE,Welche Nervenerkrankung haben Sie?,7009,checkbox,Krampfleiden/Epilepsie,Krampfleiden/Epilepsie,radio/checkbox,FALSE,,
q7009,187,TRUE,Welche Nervenerkrankung haben Sie?,7009,checkbox,Migraine,Migraine,radio/checkbox,FALSE,,
q7009,187,TRUE,Welche Nervenerkrankung haben Sie?,7009,checkbox,Morbus Parkinson,Morbus Parkinson,radio/checkbox,FALSE,,
q7009,187,TRUE,Welche Nervenerkrankung haben Sie?,7009,checkbox,Multiple Sklerose,Multiple Sklerose,radio/checkbox,FALSE,,
q7009,187,TRUE,Welche Nervenerkrankung haben Sie?,7009,checkbox,Neuropathische Schmerzen,Neuropathische Schmerzen,radio/checkbox,FALSE,,
q7009,187,TRUE,Welche Nervenerkrankung haben Sie?,7009,checkbox,Polyneuropathie,Polyneuropathie,radio/checkbox,FALSE,,
q7009,187,TRUE,Welche Nervenerkrankung haben Sie?,7009_freitext,text,_ weitere Nervenerkrankung,,input,FALSE,,
q7010,188,TRUE,Welche Rheumerkrankung haben Sie?,7010,checkbox,Rheumatoide Arthritis (chronische Polyarthritis),Rheumatoide Arthritis (chronische Polyarthritis),radio/checkbox,FALSE,,
q7010,188,TRUE,Welche Rheumerkrankung haben Sie?,7010,checkbox,Morbus Bechterew,Morbus Bechterew,radio/checkbox,FALSE,,
q7010,188,TRUE,Welche Rheumerkrankung haben Sie?,7010,checkbox,Psoriasis-Arthritis,Psoriasis-Arthritis,radio/checkbox,FALSE,,
q7010,188,TRUE,Welche Rheumerkrankung haben Sie?,7010,checkbox,Systemischer Lupus erythematodes (SLE),Systemischer Lupus erythematodes (SLE),radio/checkbox,FALSE,,
q7010,188,TRUE,Welche Rheumerkrankung haben Sie?,7010,checkbox,Gichtarthritis,Gichtarthritis,radio/checkbox,FALSE,,
q7010,188,TRUE,Welche Rheumerkrankung haben Sie?,7010_freitext,text,_ weitere Rheumaerkrankung,,input,FALSE,,
q7011,189,TRUE,Unter welcher Schilddrüsenerkrankung leiden Sie?,7011,checkbox,Autonomie,Autonomie,radio/checkbox,FALSE,,
q7011,189,TRUE,Unter welcher Schilddrüsenerkrankung leiden Sie?,7011,checkbox,Hashimoto,Hashimoto,radio/checkbox,FALSE,,
q7011,189,TRUE,Unter welcher Schilddrüsenerkrankung leiden Sie?,7011,checkbox,Morbus Basedow,Morbus Basedow,radio/checkbox,FALSE,,
q7011,189,TRUE,Unter welcher Schilddrüsenerkrankung leiden Sie?,7011,checkbox,Schilddrüsenvergrößerung,Schilddrüsenvergrößerung,radio/checkbox,FALSE,,
q7011,189,TRUE,Unter welcher Schilddrüsenerkrankung leiden Sie?,7011,checkbox,Überfunktion,Überfunktion,radio/checkbox,FALSE,,
q7011,189,TRUE,Unter welcher Schilddrüsenerkrankung leiden Sie?,7011,checkbox,Unterfunktion,Unterfunktion,radio/checkbox,FALSE,,
q7011,189,TRUE,Unter welcher Schilddrüsenerkrankung leiden Sie?,7011_freitext,text,_ weitere Schilddrüsenerkrankung,,input,FALSE,,
q8000,190,TRUE,Gab es bei Ihnen bereits folgende Erkrankungen oder Eingriffe?,8000,checkbox,Aneurysma,Aneurysma,radio/checkbox,FALSE,,#q8001
q8000,190,TRUE,Gab es bei Ihnen bereits folgende Erkrankungen oder Eingriffe?,8000,checkbox,Arterielle Durchblutungsstörung,Arterielle Durchblutungsstörung,radio/checkbox,FALSE,,#q8003
q8000,190,TRUE,Gab es bei Ihnen bereits folgende Erkrankungen oder Eingriffe?,8000,checkbox,Beinvenenthrombose,Beinvenenthrombose,radio/checkbox,FALSE,,"#q8005,#q8006"
q8000,190,TRUE,Gab es bei Ihnen bereits folgende Erkrankungen oder Eingriffe?,8000,checkbox,Gefäßeingriffe/Herzoperation(OP),Gefäßeingriffe/Herzoperation(OP),radio/checkbox,FALSE,,#q8007
q8000,190,TRUE,Gab es bei Ihnen bereits folgende Erkrankungen oder Eingriffe?,8000,checkbox,Herzinfarkt,Herzinfarkt,radio/checkbox,FALSE,,#q8008
q8000,190,TRUE,Gab es bei Ihnen bereits folgende Erkrankungen oder Eingriffe?,8000,checkbox,Infektionskrankheiten,Infektionskrankheiten,radio/checkbox,FALSE,,#q8016
q8000,190,TRUE,Gab es bei Ihnen bereits folgende Erkrankungen oder Eingriffe?,8000,checkbox,Krebs,Krebs,radio/checkbox,FALSE,,#q8010
q8000,190,TRUE,Gab es bei Ihnen bereits folgende Erkrankungen oder Eingriffe?,8000,checkbox,Lungenarterienembolie,Lungenarterienembolie,radio/checkbox,FALSE,,#q8013
q8000,190,TRUE,Gab es bei Ihnen bereits folgende Erkrankungen oder Eingriffe?,8000,checkbox,Organtransplantation,Organtransplantation,radio/checkbox,FALSE,,#q8014
q8000,190,TRUE,Gab es bei Ihnen bereits folgende Erkrankungen oder Eingriffe?,8000,checkbox,Schlaganfall,Schlaganfall,radio/checkbox,FALSE,,#q8015
q8000,190,TRUE,Gab es bei Ihnen bereits folgende Erkrankungen oder Eingriffe?,8000,checkbox,keine,keine,radio/checkbox,FALSE,,
q8000,190,TRUE,Gab es bei Ihnen bereits folgende Erkrankungen oder Eingriffe?,8000_freitext,text,_ Freitextfeld – hier können Sie weitere Angaben machen,,input,FALSE,,
q8501,191,TRUE,Mammographie-Screening (Frauen ≥ 50 Jahre),8501,radio,Teilnahme in den letzten 2 Jahren,Teilnahme in den letzten 2 Jahren,radio/checkbox,FALSE,,
q8501,191,TRUE,Mammographie-Screening (Frauen ≥ 50 Jahre),8501,radio,keine Teilnahme in den letzten 2 Jahren,keine Teilnahme in den letzten 2 Jahren,radio/checkbox,FALSE,,
q8501,191,TRUE,Mammographie-Screening (Frauen ≥ 50 Jahre),8501_freitext,text,_ Hinweise/Wunsch nach Terminvermittlung,,input,FALSE,,
q8502,192,TRUE,Prostata-Tastuntersuchung (Männer ≥ 45 Jahre),8502,radio,in den letzten 12 Monaten erfolgt,in den letzten 12 Monaten erfolgt,radio/checkbox,FALSE,,
q8502,192,TRUE,Prostata-Tastuntersuchung (Männer ≥ 45 Jahre),8502,radio,> 12 Monate oder noch nie,> 12 Monate oder noch nie,radio/checkbox,FALSE,,
q8502,192,TRUE,Prostata-Tastuntersuchung (Männer ≥ 45 Jahre),8502_freitext,text,_ Beschwerden/Anmerkungen,,input,FALSE,,
q8503,193,TRUE,"Bauchaortenaneurysma-Screening (Männer ≥ 65 Jahre, einmalig)",8503,radio,bereits durchgeführt (einmalig),bereits durchgeführt (einmalig),radio/checkbox,FALSE,,
q8503,193,TRUE,"Bauchaortenaneurysma-Screening (Männer ≥ 65 Jahre, einmalig)",8503,radio,noch nicht durchgeführt,noch nicht durchgeführt,radio/checkbox,FALSE,,
q8503,193,TRUE,"Bauchaortenaneurysma-Screening (Männer ≥ 65 Jahre, einmalig)",8503_freitext,text,_ Befunde/Terminwunsch,,input,FALSE,,
q8504,194,TRUE,"Menopausen-Status (Frauen ≥ 40 Jahre, optional)",8504,radio,prämenopausal,prämenopausal,radio/checkbox,FALSE,,
q8504,194,TRUE,"Menopausen-Status (Frauen ≥ 40 Jahre, optional)",8504,radio,perimenopausal,perimenopausal,radio/checkbox,FALSE,,
q8504,194,TRUE,"Menopausen-Status (Frauen ≥ 40 Jahre, optional)",8504,radio,postmenopausal,postmenopausal,radio/checkbox,FALSE,,
q8504,194,TRUE,"Menopausen-Status (Frauen ≥ 40 Jahre, optional)",8504,radio,nicht angeben,nicht angeben,radio/checkbox,FALSE,,
q8504,194,TRUE,"Menopausen-Status (Frauen ≥ 40 Jahre, optional)",8504_freitext,text,_ Zyklusveränderungen/HRT,,input,FALSE,,
q1P00,195,TRUE,Kinder- und Jugendmedizin · Basisangaben,1P00_geburtsmodus,select,Bitte wählen…,Bitte wählen…,select,FALSE,,
q1P00,195,TRUE,Kinder- und Jugendmedizin · Basisangaben,1P00_geburtsmodus,select,Spontan,Spontan,select,FALSE,,
q1P00,195,TRUE,Kinder- und Jugendmedizin · Basisangaben,1P00_geburtsmodus,select,Sectio,Sectio,select,FALSE,,
q1P00,195,TRUE,Kinder- und Jugendmedizin · Basisangaben,1P00_geburtsmodus,select,Saugglocke,Saugglocke,select,FALSE,,
q1P00,195,TRUE,Kinder- und Jugendmedizin · Basisangaben,1P00_geburtsmodus,select,Forceps,Forceps,select,FALSE,,
q1P00,195,TRUE,Kinder- und Jugendmedizin · Basisangaben,1P00_frueh_neonatal,checkbox,"Gab es Startprobleme nach der Geburt? (z. B. Gelbsucht, Atemnot)",Frühgeburt/Neugeborenenprobleme,radio/checkbox,FALSE,,
q1P00,195,TRUE,Kinder- und Jugendmedizin · Basisangaben,1P00_ernaehrung1LJ,select,Bitte wählen…,Bitte wählen…,select,FALSE,,
q1P00,195,TRUE,Kinder- und Jugendmedizin · Basisangaben,1P00_ernaehrung1LJ,select,Stillen,Stillen,select,FALSE,,
q1P00,195,TRUE,Kinder- und Jugendmedizin · Basisangaben,1P00_ernaehrung1LJ,select,Mischform (Stillen/Flasche),Mischform (Stillen/Flasche),select,FALSE,,
q1P00,195,TRUE,Kinder- und Jugendmedizin · Basisangaben,1P00_ernaehrung1LJ,select,Flasche,Flasche,select,FALSE,,
q1P00,195,TRUE,Kinder- und Jugendmedizin · Basisangaben,1P00_ernaehrung1LJ,select,Beikost altersgerecht,Beikost altersgerecht,select,FALSE,,
q1P00,195,TRUE,Kinder- und Jugendmedizin · Basisangaben,1P00_freitext,text,Weitere Angaben zur Geburt oder Ernährung,,input,FALSE,,
q1P00,195,TRUE,Kinder- und Jugendmedizin · Basisangaben,1P00_geburtsgewicht_g,number,z. B. 3450,,input,FALSE,,
q1P00,195,TRUE,Kinder- und Jugendmedizin · Basisangaben,1P00_geburtslaenge_cm,number,z. B. 50,,input,FALSE,,
q1P00,195,TRUE,Kinder- und Jugendmedizin · Basisangaben,1P00_ssw,text,z. B. 39+5,,input,FALSE,,
q1P10,196,TRUE,Entwicklung und Wachstum,1P10_motorik,select,Bitte wählen…,Bitte wählen…,select,FALSE,,
q1P10,196,TRUE,Entwicklung und Wachstum,1P10_motorik,select,Unauffällig,Unauffällig,select,FALSE,,
q1P10,196,TRUE,Entwicklung und Wachstum,1P10_motorik,select,Verzögert,Verzögert,select,FALSE,,
q1P10,196,TRUE,Entwicklung und Wachstum,1P10_motorik,select,Unsicher,Unsicher,select,FALSE,,
q1P10,196,TRUE,Entwicklung und Wachstum,1P10_sprache,select,Bitte wählen…,Bitte wählen…,select,FALSE,,
q1P10,196,TRUE,Entwicklung und Wachstum,1P10_sprache,select,Unauffällig,Unauffällig,select,FALSE,,
q1P10,196,TRUE,Entwicklung und Wachstum,1P10_sprache,select,Verzögert,Verzögert,select,FALSE,,
q1P10,196,TRUE,Entwicklung und Wachstum,1P10_lernen,checkbox,Lern- oder Konzentrationsprobleme?,Lern-/Konzentrationsprobleme,radio/checkbox,FALSE,,
q1P10,196,TRUE,Entwicklung und Wachstum,1P10_pubertaet,select,Bitte wählen…,Bitte wählen…,select,FALSE,,
q1P10,196,TRUE,Entwicklung und Wachstum,1P10_pubertaet,select,Früh,Früh,select,FALSE,,
q1P10,196,TRUE,Entwicklung und Wachstum,1P10_pubertaet,select,Normal,Normal,select,FALSE,,
q1P10,196,TRUE,Entwicklung und Wachstum,1P10_pubertaet,select,Spät,Spät,select,FALSE,,
q1P10,196,TRUE,Entwicklung und Wachstum,1P10_wachstum,select,Bitte wählen…,Bitte wählen…,select,FALSE,,
q1P10,196,TRUE,Entwicklung und Wachstum,1P10_wachstum,select,Unauffällig,Unauffällig,select,FALSE,,
q1P10,196,TRUE,Entwicklung und Wachstum,1P10_wachstum,select,Auffällig,Auffällig,select,FALSE,,
q1P10,196,TRUE,Entwicklung und Wachstum,1P10_freitext,text,Hinweise zur Entwicklung oder Auffälligkeiten,,input,FALSE,,
q1P20,197,TRUE,Impfstatus und Infektionen,1P20_stiko,select,Bitte wählen…,Bitte wählen…,select,FALSE,,
q1P20,197,TRUE,Impfstatus und Infektionen,1P20_stiko,select,Vollständig,Vollständig,select,FALSE,,
q1P20,197,TRUE,Impfstatus und Infektionen,1P20_stiko,select,Unvollständig,Unvollständig,select,FALSE,,
q1P20,197,TRUE,Impfstatus und Infektionen,1P20_stiko,select,Unbekannt,Unbekannt,select,FALSE,,
q1P20,197,TRUE,Impfstatus und Infektionen,1P20_mmrw,checkbox,Kinderkrankheiten durchgemacht (Masern/Mumps/Röteln/Windpocken),MMRW durchgemacht,radio/checkbox,FALSE,,
q1P20,197,TRUE,Impfstatus und Infektionen,1P20_mmrw_impf,checkbox,Gegen Kinderkrankheiten geimpft (Masern/Mumps/Röteln/Windpocken),MMRW geimpft,radio/checkbox,FALSE,,
q1P20,197,TRUE,Impfstatus und Infektionen,1P20_infekte,checkbox,Mehr als 6 Infekte pro Jahr?,Häufige Infekte >6/Jahr,radio/checkbox,FALSE,,
q1P20,197,TRUE,Impfstatus und Infektionen,1P20_hno,checkbox,Ohrentzündungen wiederkehrend?,Otitis media rezidiv,radio/checkbox,FALSE,,
q1P20,197,TRUE,Impfstatus und Infektionen,1P20_bronchitiden,checkbox,Bronchitiden wiederkehrend?,Bronchitiden rezidiv,radio/checkbox,FALSE,,
q1P20,197,TRUE,Impfstatus und Infektionen,1P20_tonsillitis,checkbox,Mandelentzündungen wiederkehrend?,Tonsillitiden rezidiv,radio/checkbox,FALSE,,
q1P20,197,TRUE,Impfstatus und Infektionen,1P20_freitext,text,Zusätzliche Bemerkungen zu Impfungen oder Infekten,,input,FALSE,,
q1P30,198,TRUE,Chronische oder angeborene Erkrankungen,1P30_asthma,checkbox,Asthma bronchiale,Asthma bronchiale,radio/checkbox,FALSE,,
q1P30,198,TRUE,Chronische oder angeborene Erkrankungen,1P30_dermatitis,checkbox,Neurodermitis,Neurodermitis,radio/checkbox,FALSE,,
q1P30,198,TRUE,Chronische oder angeborene Erkrankungen,1P30_allergien,checkbox,Allergien/Nahrungsmittelunverträglichkeiten?,Allergien/Nahrungsmittelunverträglichkeiten,radio/checkbox,FALSE,,
q1P30,198,TRUE,Chronische oder angeborene Erkrankungen,1P30_herz,checkbox,Herzfehler,Herzfehler,radio/checkbox,FALSE,,
q1P30,198,TRUE,Chronische oder angeborene Erkrankungen,1P30_stoffwechsel,checkbox,Stoffwechsel- oder Hormonstörung?,Stoffwechsel-/Hormonstörung,radio/checkbox,FALSE,,
q1P30,198,TRUE,Chronische oder angeborene Erkrankungen,1P30_fehlbildungen,checkbox,Fehlbildungen/genetische Erkrankungen?,Fehlbildungen/genetische Erkrankungen,radio/checkbox,FALSE,,
q1P30,198,TRUE,Chronische oder angeborene Erkrankungen,1P30_medikation,checkbox,Nimmt Ihr Kind regelmäßig Medikamente?,Regelmäßige Medikamente,radio/checkbox,FALSE,,
q1P30,198,TRUE,Chronische oder angeborene Erkrankungen,1P30_freitext,text,_ (bitte hier zusätzliche Angaben machen),,input,FALSE,,
q1P40,199,TRUE,Soziale und psychische Aspekte,1P40_betreuung,select,Bitte wählen…,Bitte wählen…,select,FALSE,,
q1P40,199,TRUE,Soziale und psychische Aspekte,1P40_betreuung,select,Kindergarten,Kindergarten,select,FALSE,,
q1P40,199,TRUE,Soziale und psychische Aspekte,1P40_betreuung,select,Schule,Schule,select,FALSE,,
q1P40,199,TRUE,Soziale und psychische Aspekte,1P40_betreuung,select,Tagesstätte,Tagesstätte,select,FALSE,,
q1P40,199,TRUE,Soziale und psychische Aspekte,1P40_betreuung,select,Keine Einrichtung,Keine Einrichtung,select,FALSE,,
q1P40,199,TRUE,Soziale und psychische Aspekte,1P40_leistung,checkbox,Schwierigkeiten in Schule/Kita?,Leistungs-/Anpassungsschwierigkeiten,radio/checkbox,FALSE,,
q1P40,199,TRUE,Soziale und psychische Aspekte,1P40_schlaf,checkbox,Schlafstörungen,Schlafstörungen,radio/checkbox,FALSE,,
q1P40,199,TRUE,Soziale und psychische Aspekte,1P40_aengste,checkbox,Ängste/auffälliges Verhalten?,Ängste/auffälliges Verhalten,radio/checkbox,FALSE,,
q1P40,199,TRUE,Soziale und psychische Aspekte,1P40_familie,checkbox,Besondere Belastungen zuhause?,Besondere Belastungen zuhause?,radio/checkbox,FALSE,,
q1P40,199,TRUE,Soziale und psychische Aspekte,1P40_medien,select,Bitte wählen…,Bitte wählen…,select,FALSE,,
q1P40,199,TRUE,Soziale und psychische Aspekte,1P40_medien,select,altersgerecht,altersgerecht,select,FALSE,,
q1P40,199,TRUE,Soziale und psychische Aspekte,1P40_medien,select,erhöht,erhöht,select,FALSE,,
q1P40,199,TRUE,Soziale und psychische Aspekte,1P40_medien,select,problematisch,problematisch,select,FALSE,,
q1P40,199,TRUE,Soziale und psychische Aspekte,1P40_bewegung,select,Bitte wählen…,Bitte wählen…,select,FALSE,,
q1P40,199,TRUE,Soziale und psychische Aspekte,1P40_bewegung,select,ausreichend,ausreichend,select,FALSE,,
q1P40,199,TRUE,Soziale und psychische Aspekte,1P40_bewegung,select,zu wenig,zu wenig,select,FALSE,,
q1P40,199,TRUE,Soziale und psychische Aspekte,1P40_ernaehrung,select,Bitte wählen…,Bitte wählen…,select,FALSE,,
q1P40,199,TRUE,Soziale und psychische Aspekte,1P40_ernaehrung,select,ausgewogen,ausgewogen,select,FALSE,,
q1P40,199,TRUE,Soziale und psychische Aspekte,1P40_ernaehrung,select,verbesserungsbedürftig,verbesserungsbedürftig,select,FALSE,,
q1P40,199,TRUE,Soziale und psychische Aspekte,1P40_freitext,text,_ (bitte hier zusätzliche Angaben machen),,input,FALSE,,
q1P51,200,TRUE,Neonatologie · Spezialmodul,1P51_beatmung,checkbox,"Beatmung, Intensivaufenthalt",Beatmung/Intensivaufenthalt,radio/checkbox,FALSE,,
q1P51,200,TRUE,Neonatologie · Spezialmodul,P_apgar_1min,select,Bitte wählen…,,select,TRUE,,
q1P51,200,TRUE,Neonatologie · Spezialmodul,P_apgar_1min,select,0–3 (Poor),0–3 (Poor),select,TRUE,,
q1P51,200,TRUE,Neonatologie · Spezialmodul,P_apgar_1min,select,4–6 (Mittelgradig beeinträchtigt),4–6 (Mittelgradig beeinträchtigt),select,TRUE,,
q1P51,200,TRUE,Neonatologie · Spezialmodul,P_apgar_1min,select,7–10 (Gut),7–10 (Gut),select,TRUE,,
q1P51,200,TRUE,Neonatologie · Spezialmodul,P_apgar_5min,select,Bitte wählen…,,select,FALSE,,
q1P51,200,TRUE,Neonatologie · Spezialmodul,P_apgar_5min,select,0–3 (Poor),0–3 (Poor),select,FALSE,,
q1P51,200,TRUE,Neonatologie · Spezialmodul,P_apgar_5min,select,4–6 (Mittelgradig beeinträchtigt),4–6 (Mittelgradig beeinträchtigt),select,FALSE,,
q1P51,200,TRUE,Neonatologie · Spezialmodul,P_apgar_5min,select,7–10 (Gut),7–10 (Gut),select,FALSE,,
q1P51,200,TRUE,Neonatologie · Spezialmodul,P_apgar_10min,select,Bitte wählen…,,select,FALSE,,
q1P51,200,TRUE,Neonatologie · Spezialmodul,P_apgar_10min,select,0–3 (Poor),0–3 (Poor),select,FALSE,,
q1P51,200,TRUE,Neonatologie · Spezialmodul,P_apgar_10min,select,4–6 (Mittelgradig beeinträchtigt),4–6 (Mittelgradig beeinträchtigt),select,FALSE,,
q1P51,200,TRUE,Neonatologie · Spezialmodul,P_apgar_10min,select,7–10 (Gut),7–10 (Gut),select,FALSE,,
q1P51,200,TRUE,Neonatologie · Spezialmodul,1P51_freitext,text,_ (bitte hier zusätzliche Angaben machen),,input,FALSE,,
q1P52,201,TRUE,Adoleszenz · Spezialmodul,1P52_substanz,checkbox,Substanzgebrauch,Substanzgebrauch,radio/checkbox,FALSE,,
q1P52,201,TRUE,Adoleszenz · Spezialmodul,1P52_reife,select,Bitte wählen…,Bitte wählen…,select,FALSE,,
q1P52,201,TRUE,Adoleszenz · Spezialmodul,1P52_reife,select,Erfolgt,Erfolgt,select,FALSE,,
q1P52,201,TRUE,Adoleszenz · Spezialmodul,1P52_reife,select,Nicht erfolgt,Nicht erfolgt,select,FALSE,,
q1P52,201,TRUE,Adoleszenz · Spezialmodul,1P52_reife,select,Unklar,Unklar,select,FALSE,,
q1P52,201,TRUE,Adoleszenz · Spezialmodul,1P52_koerperbild,checkbox,Körperbild-Thematik,Körperbild-Thematik,radio/checkbox,FALSE,,
q1P52,201,TRUE,Adoleszenz · Spezialmodul,1P52_sexual,checkbox,Sexualverhalten relevant,Sexualverhalten relevant,radio/checkbox,FALSE,,
q1P52,201,TRUE,Adoleszenz · Spezialmodul,1P52_freitext,text,_ (bitte hier zusätzliche Angaben machen),,input,FALSE,,
q1P53,202,TRUE,Allergologie · Spezialmodul,1P53_atopie_familie,checkbox,Atopische Familienanamnese,Atopische Familienanamnese,radio/checkbox,FALSE,,
q1P53,202,TRUE,Allergologie · Spezialmodul,1P53_expo,checkbox,Expositionsfaktoren,Expositionsfaktoren,radio/checkbox,FALSE,,
q1P53,202,TRUE,Allergologie · Spezialmodul,1P53_freitext,text,_ (bitte hier zusätzliche Angaben machen),,input,FALSE,,
q1P54,203,TRUE,Impfaufklärung · Spezialmodul,1P54_elternentscheidung,checkbox,Elternentscheidung dokumentiert,Elternentscheidung dokumentiert,radio/checkbox,FALSE,,
q1P54,203,TRUE,Impfaufklärung · Spezialmodul,1P54_nebenwirkungen,checkbox,Dokumentierte Nebenwirkungen,Nebenwirkungen dokumentiert,radio/checkbox,FALSE,,
q1P54,203,TRUE,Impfaufklärung · Spezialmodul,1P54_freitext,text,_ Freitextfeld – ergänzende Angaben,,input,FALSE,,
q1230,204,TRUE,Durchfall – Häufigkeit und Dehydratation,1230_stuehle_24h,number,z. B. 5,,input,FALSE,,
q1230,204,TRUE,Durchfall – Häufigkeit und Dehydratation,1230_nacht,radio,Ja,ja,radio/checkbox,FALSE,,
q1230,204,TRUE,Durchfall – Häufigkeit und Dehydratation,1230_nacht,radio,Nein,nein,radio/checkbox,FALSE,,
q1230,204,TRUE,Durchfall – Häufigkeit und Dehydratation,1230_dranginko,checkbox,Dranginkontinenz,Dranginkontinenz,radio/checkbox,FALSE,,
q1230,204,TRUE,Durchfall – Häufigkeit und Dehydratation,1230_tenesmen,checkbox,Tenesmen,Tenesmen,radio/checkbox,FALSE,,
q1230,204,TRUE,Durchfall – Häufigkeit und Dehydratation,1230_durst,checkbox,starker Durst,starker Durst,radio/checkbox,FALSE,,
q1230,204,TRUE,Durchfall – Häufigkeit und Dehydratation,1230_orthostat,checkbox,Schwindel beim Aufstehen,Schwindel beim Aufstehen,radio/checkbox,FALSE,,
q1230,204,TRUE,Durchfall – Häufigkeit und Dehydratation,1230_oligurie,checkbox,reduzierte Urinmenge,reduzierte Urinmenge,radio/checkbox,FALSE,,
q1231,205,TRUE,Durchfall – Stuhlcharakter,1231_char,checkbox,Blut,Blut,radio/checkbox,FALSE,,
q1231,205,TRUE,Durchfall – Stuhlcharakter,1231_char,checkbox,Schleim,Schleim,radio/checkbox,FALSE,,
q1231,205,TRUE,Durchfall – Stuhlcharakter,1231_char,checkbox,Eiter,Eiter,radio/checkbox,FALSE,,
q1231,205,TRUE,Durchfall – Stuhlcharakter,1231_char,checkbox,wässrig,wässrig,radio/checkbox,FALSE,,
q1231,205,TRUE,Durchfall – Stuhlcharakter,1231_char,checkbox,breiig,breiig,radio/checkbox,FALSE,,
q1231,205,TRUE,Durchfall – Stuhlcharakter,1231_char,checkbox,fettig/ölig,fettig/ölig,radio/checkbox,FALSE,,
q1231,205,TRUE,Durchfall – Stuhlcharakter,1231_char,checkbox,übel riechend,übel riechend,radio/checkbox,FALSE,,
q1231,205,TRUE,Durchfall – Stuhlcharakter,1231_char,checkbox,„klebt“ (Steatorrhoe),klebt (Steatorrhoe),radio/checkbox,FALSE,,
q1231,205,TRUE,Durchfall – Stuhlcharakter,1231_char,checkbox,hell,hell,radio/checkbox,FALSE,,
q1231,205,TRUE,Durchfall – Stuhlcharakter,1231_char,checkbox,schwarz,schwarz,radio/checkbox,FALSE,,
q1232,206,TRUE,Durchfall – Exposition/Risiko,1232_expo,checkbox,Reise letzte 4 Wochen,Reise letzte 4 Wochen,radio/checkbox,FALSE,,
q1232,206,TRUE,Durchfall – Exposition/Risiko,1232_expo,checkbox,Trinkwasser/Eiswürfel,Trinkwasser/Eiswürfel,radio/checkbox,FALSE,,
q1232,206,TRUE,Durchfall – Exposition/Risiko,1232_expo,checkbox,Street-Food,Street-Food,radio/checkbox,FALSE,,
q1232,206,TRUE,Durchfall – Exposition/Risiko,1232_expo,checkbox,Geflügel,Geflügel,radio/checkbox,FALSE,,
q1232,206,TRUE,Durchfall – Exposition/Risiko,1232_expo,checkbox,Eier,Eier,radio/checkbox,FALSE,,
q1232,206,TRUE,Durchfall – Exposition/Risiko,1232_expo,checkbox,Meeresfrüchte,Meeresfrüchte,radio/checkbox,FALSE,,
q1232,206,TRUE,Durchfall – Exposition/Risiko,1232_expo,checkbox,Rohmilch,Rohmilch,radio/checkbox,FALSE,,
q1233,207,TRUE,Durchfall – Umfeld & Kontakte,1233_umfeld,checkbox,Erkrankte im Umfeld,Erkrankte im Umfeld,radio/checkbox,FALSE,,
q1233,207,TRUE,Durchfall – Umfeld & Kontakte,1233_umfeld,checkbox,Gemeinschaftsverpflegung,Gemeinschaftsverpflegung,radio/checkbox,FALSE,,
q1233,207,TRUE,Durchfall – Umfeld & Kontakte,1233_umfeld,checkbox,Kita/Heim,Kita/Heim,radio/checkbox,FALSE,,
q1233,207,TRUE,Durchfall – Umfeld & Kontakte,1233_umfeld,checkbox,Tierkontakte (insb. Reptilien),Tierkontakte (Reptilien),radio/checkbox,FALSE,,
q7001,208,TRUE,Welche Gerinnungsstörung haben Sie?,7001,checkbox,Antiphospholipidsyndrom,Antiphospholipidsyndrom,radio/checkbox,FALSE,,
q7001,208,TRUE,Welche Gerinnungsstörung haben Sie?,7001,checkbox,Antithrombin-III-Mangel,Antithrombin-III-Mangel,radio/checkbox,FALSE,,
q7001,208,TRUE,Welche Gerinnungsstörung haben Sie?,7001,checkbox,Faktor-V-Leiden-Mutation (APC-Resistenz),Faktor-V-Leiden-Mutation (APC-Resistenz),radio/checkbox,FALSE,,
q7001,208,TRUE,Welche Gerinnungsstörung haben Sie?,7001,checkbox,Hämophilie A,Hämophilie A,radio/checkbox,FALSE,,
q7001,208,TRUE,Welche Gerinnungsstörung haben Sie?,7001,checkbox,Heparin-induzierte Thrombozytopenie,Heparin-induzierte Thrombozytopenie,radio/checkbox,FALSE,,
q7001,208,TRUE,Welche Gerinnungsstörung haben Sie?,7001,checkbox,Hyperhomocysteinämie,Hyperhomocysteinämie,radio/checkbox,FALSE,,
q7001,208,TRUE,Welche Gerinnungsstörung haben Sie?,7001,checkbox,Protein-C-Mangel,Protein-C-Mangel,radio/checkbox,FALSE,,
q7001,208,TRUE,Welche Gerinnungsstörung haben Sie?,7001,checkbox,Protein-S-Mangel,Protein-S-Mangel,radio/checkbox,FALSE,,
q7001,208,TRUE,Welche Gerinnungsstörung haben Sie?,7001,checkbox,Von-Willebrand-Syndrom,Von-Willebrand-Syndrom,radio/checkbox,FALSE,,
q7001,208,TRUE,Welche Gerinnungsstörung haben Sie?,7001_freitext,text,_ andere Gerinnungsstörungen,,input,FALSE,,
q7002,209,TRUE,Welche Lungenerkrankung haben Sie?,7002,checkbox,Asthma bronchiale,Asthma bronchiale,radio/checkbox,FALSE,,#q7102
q7002,209,TRUE,Welche Lungenerkrankung haben Sie?,7002,checkbox,Chronisch obstruktive Lungenerkrankung (COPD),Chronisch obstruktive Lungenerkrankung (COPD),radio/checkbox,FALSE,,#q7102
q7002,209,TRUE,Welche Lungenerkrankung haben Sie?,7002,checkbox,Lungenemphysem,Lungenemphysem,radio/checkbox,FALSE,,#q7102
q7002,209,TRUE,Welche Lungenerkrankung haben Sie?,7002,checkbox,Bronchiektasen,Bronchiektasen,radio/checkbox,FALSE,,#q7102
q7002,209,TRUE,Welche Lungenerkrankung haben Sie?,7002,checkbox,Chronische Bronchitis (nicht obstruktiv),Chronische Bronchitis (nicht obstruktiv),radio/checkbox,FALSE,,#q7102
q7002,209,TRUE,Welche Lungenerkrankung haben Sie?,7002,checkbox,Idiopathische pulmonale Fibrose (IPF),Idiopathische pulmonale Fibrose (IPF),radio/checkbox,FALSE,,#q7102
q7002,209,TRUE,Welche Lungenerkrankung haben Sie?,7002,checkbox,"Pneumokoniosen (z. B. Silikose, Asbestose)","Pneumokoniosen (z. B. Silikose, Asbestose)",radio/checkbox,FALSE,,#q7102
q7002,209,TRUE,Welche Lungenerkrankung haben Sie?,7002,checkbox,Sarkoidose (Lunge),Sarkoidose (Lunge),radio/checkbox,FALSE,,#q7102
q7002,209,TRUE,Welche Lungenerkrankung haben Sie?,7002_freitext,text,_ weitere Lungenerkrankung,,input,FALSE,,
q7003,210,TRUE,Angaben zur Dialyseform,7003,checkbox,Hämodialyse,Hämodialyse,radio/checkbox,FALSE,,
q7003,210,TRUE,Angaben zur Dialyseform,7003,checkbox,Peritonealdialyse,Peritonealdialyse,radio/checkbox,FALSE,,
q7003,210,TRUE,Angaben zur Dialyseform,7003,checkbox,Über funktionierenden AV-Shunt,Über funktionierenden AV-Shunt,radio/checkbox,FALSE,,
q7003,210,TRUE,Angaben zur Dialyseform,7003,checkbox,Über Dialysekatheter,Über Dialysekatheter,radio/checkbox,FALSE,,
q7004,211,TRUE,Unter welcher Gemütsstörung leiden Sie?,7004,checkbox,Major Depression (rezidivierende depressive Störung),Major Depression (rezidivierende depressive Störung),radio/checkbox,FALSE,,
q7004,211,TRUE,Unter welcher Gemütsstörung leiden Sie?,7004,checkbox,Dysthymie - anhaltende depressive Störung,Dysthymie - anhaltende depressive Störung,radio/checkbox,FALSE,,
q7004,211,TRUE,Unter welcher Gemütsstörung leiden Sie?,7004,checkbox,"Schizoaffektive Störung, depressive Form","Schizoaffektive Störung, depressive Form",radio/checkbox,FALSE,,
q7004,211,TRUE,Unter welcher Gemütsstörung leiden Sie?,7004,checkbox,Saisonal abhängige Depression (Winterdepression),Saisonal abhängige Depression (Winterdepression),radio/checkbox,FALSE,,
q7004,211,TRUE,Unter welcher Gemütsstörung leiden Sie?,7004,checkbox,Bipolare affektive Störung (manisch-depressiv),Bipolare affektive Störung (manisch-depressiv),radio/checkbox,FALSE,,
q7004,211,TRUE,Unter welcher Gemütsstörung leiden Sie?,7004,checkbox,Anpassungsstörung mit depressiver Reaktion,Anpassungsstörung mit depressiver Reaktion,radio/checkbox,FALSE,,
q7004,211,TRUE,Unter welcher Gemütsstörung leiden Sie?,7004_freitext,text,_ weitere Gemütsstörung / Details,,input,FALSE,,
q7005,212,TRUE,Angaben zu Herzerkrankungen,7005,checkbox,Herzklappenerkrankung,Herzklappenerkrankung,radio/checkbox,FALSE,,
q7005,212,TRUE,Angaben zu Herzerkrankungen,7005,checkbox,Kardiomyopathie,Kardiomyopathie,radio/checkbox,FALSE,,
q7005,212,TRUE,Angaben zu Herzerkrankungen,7005,checkbox,Offenes Foramen ovale,Offenes Foramen ovale,radio/checkbox,FALSE,,
q7005,212,TRUE,Angaben zu Herzerkrankungen,7005,checkbox,Vorhofflimmern,Vorhofflimmern,radio/checkbox,FALSE,,
q7005,212,TRUE,Angaben zu Herzerkrankungen,7005_freitext,text,_ weitere Herzerkrankung,,input,FALSE,,
q7006,213,TRUE,Angaben zu Magen-Darmerkrankungen,7006,checkbox,biliäre Zirrhose,biliäre Zirrhose,radio/checkbox,FALSE,,
q7006,213,TRUE,Angaben zu Magen-Darmerkrankungen,7006,checkbox,chron. Hepatitis,chron. Hepatitis,radio/checkbox,FALSE,,
q7006,213,TRUE,Angaben zu Magen-Darmerkrankungen,7006,checkbox,Colitis ulcerosa,Colitis ulcerosa,radio/checkbox,FALSE,,
q7006,213,TRUE,Angaben zu Magen-Darmerkrankungen,7006,checkbox,Divertikelentzündungen,Divertikelentzündungen,radio/checkbox,FALSE,,
q7006,213,TRUE,Angaben zu Magen-Darmerkrankungen,7006,checkbox,Fettleber,Fettleber,radio/checkbox,FALSE,,
q7006,213,TRUE,Angaben zu Magen-Darmerkrankungen,7006,checkbox,GERD - Gastrooesophagealer Reflux,GERD - Gastrooesophagealer Reflux,radio/checkbox,FALSE,,
q7006,213,TRUE,Angaben zu Magen-Darmerkrankungen,7006,checkbox,Gallensteinleiden,Gallensteinleiden,radio/checkbox,FALSE,,
q7006,213,TRUE,Angaben zu Magen-Darmerkrankungen,7006,checkbox,Leberzirrhose,Leberzirrhose,radio/checkbox,FALSE,,
q7006,213,TRUE,Angaben zu Magen-Darmerkrankungen,7006,checkbox,Morbus Crohn,Morbus Crohn,radio/checkbox,FALSE,,
q7006,213,TRUE,Angaben zu Magen-Darmerkrankungen,7006,checkbox,Pankreatitis,Pankreatitis,radio/checkbox,FALSE,,
q7006,213,TRUE,Angaben zu Magen-Darmerkrankungen,7006,checkbox,Pfortaderthrombose,Pfortaderthrombose,radio/checkbox,FALSE,,
q7006,213,TRUE,Angaben zu Magen-Darmerkrankungen,7006_freitext,text,_ weitere Magen-Darm-Erkrankung,,input,FALSE,,
q7007,214,TRUE,Angaben zu MRSA,7007,checkbox,erfolgreich eradiziert,erfolgreich eradiziert,radio/checkbox,FALSE,,
q7007,214,TRUE,Angaben zu MRSA,7007,checkbox,weiterhin vorhanden,weiterhin vorhanden,radio/checkbox,FALSE,,
q7008,215,TRUE,Um welchen Nierenerkrankung handelt es sich?,7008,checkbox,Niereninsuffizienz (nicht dialysepflichtig),Niereninsuffizienz (nicht dialysepflichtig),radio/checkbox,FALSE,,
q7008,215,TRUE,Um welchen Nierenerkrankung handelt es sich?,7008,checkbox,Zystennieren,Zystennieren,radio/checkbox,FALSE,,
q7008,215,TRUE,Um welchen Nierenerkrankung handelt es sich?,7008,checkbox,Nierenbeckenentzündungen rezidivierend,Nierenbeckenentzündungen rezidivierend,radio/checkbox,FALSE,,
q7008,215,TRUE,Um welchen Nierenerkrankung handelt es sich?,7008,checkbox,Glomerulonephritis,Glomerulonephritis,radio/checkbox,FALSE,,
q7008,215,TRUE,Um welchen Nierenerkrankung handelt es sich?,7008_freitext,text,_ weitere Nierenerkrankung,,input,FALSE,,
q7009,216,TRUE,Welche Nervenerkrankung haben Sie?,7009,checkbox,Krampfleiden/Epilepsie,Krampfleiden/Epilepsie,radio/checkbox,FALSE,,
q7009,216,TRUE,Welche Nervenerkrankung haben Sie?,7009,checkbox,Migraine,Migraine,radio/checkbox,FALSE,,
q7009,216,TRUE,Welche Nervenerkrankung haben Sie?,7009,checkbox,Morbus Parkinson,Morbus Parkinson,radio/checkbox,FALSE,,
q7009,216,TRUE,Welche Nervenerkrankung haben Sie?,7009,checkbox,Multiple Sklerose,Multiple Sklerose,radio/checkbox,FALSE,,
q7009,216,TRUE,Welche Nervenerkrankung haben Sie?,7009,checkbox,Neuropathische Schmerzen,Neuropathische Schmerzen,radio/checkbox,FALSE,,
q7009,216,TRUE,Welche Nervenerkrankung haben Sie?,7009,checkbox,Polyneuropathie,Polyneuropathie,radio/checkbox,FALSE,,
q7009,216,TRUE,Welche Nervenerkrankung haben Sie?,7009_freitext,text,_ weitere Nervenerkrankung,,input,FALSE,,
q8007,217,TRUE,Welche Gefäß- oder Herzoperationen wurden durchgeführt?,8007,checkbox,Krampfaderoperation (Stripping/Laser),Krampfaderoperation (Stripping/Laser),radio/checkbox,FALSE,,
q8007,217,TRUE,Welche Gefäß- oder Herzoperationen wurden durchgeführt?,8007,checkbox,Operation an der Halsschlagader (TEA/Stent),Operation an der Halsschlagader (TEA/Stent),radio/checkbox,FALSE,,
q8007,217,TRUE,Welche Gefäß- oder Herzoperationen wurden durchgeführt?,8007,checkbox,ACVB (Herzbypass),ACVB (Herzbypass),radio/checkbox,FALSE,,
q8007,217,TRUE,Welche Gefäß- oder Herzoperationen wurden durchgeführt?,8007,checkbox,Herzklappenersatz,Herzklappenersatz,radio/checkbox,FALSE,,
q8007,217,TRUE,Welche Gefäß- oder Herzoperationen wurden durchgeführt?,8007_freitext,text,_ Geben Sie hier andere Operationen an,,input,FALSE,,
q8013,218,TRUE,Wann hatten Sie eine Lungenarterienembolie?,8013,text,z. B. 07/2019; 01/2024,,input,FALSE,,
q8014,219,TRUE,Was wurde transplantiert?,8014,checkbox,Herz,Herz,radio/checkbox,FALSE,,
q8014,219,TRUE,Was wurde transplantiert?,8014,checkbox,Leber,Leber,radio/checkbox,FALSE,,
q8014,219,TRUE,Was wurde transplantiert?,8014,checkbox,Lunge,Lunge,radio/checkbox,FALSE,,
q8014,219,TRUE,Was wurde transplantiert?,8014,checkbox,Niere,Niere,radio/checkbox,FALSE,,
q8014,219,TRUE,Was wurde transplantiert?,8014,checkbox,Pankreas,Pankreas,radio/checkbox,FALSE,,
q8014,219,TRUE,Was wurde transplantiert?,8014_freitext,text,ergänzende Angaben z.B. Jahr,,input,FALSE,,
q8015,220,TRUE,Wann hatten Sie Ihren Schlaganfall?,8015,text,z. B. 09/2017; 02/2023,,input,FALSE,,
q8010,221,TRUE,Welche Krebserkrankungen hatten Sie?,8010,checkbox,Blutkrebs,Blutkrebs,radio/checkbox,FALSE,,#q8011
q8010,221,TRUE,Welche Krebserkrankungen hatten Sie?,8010,checkbox,Brustkrebs,Brustkrebs,radio/checkbox,FALSE,,#q8011
q8010,221,TRUE,Welche Krebserkrankungen hatten Sie?,8010,checkbox,Bronchialkrebs,Bronchialkrebs,radio/checkbox,FALSE,,#q8011
q8010,221,TRUE,Welche Krebserkrankungen hatten Sie?,8010,checkbox,Darmkrebs,Darmkrebs,radio/checkbox,FALSE,,#q8011
q8010,221,TRUE,Welche Krebserkrankungen hatten Sie?,8010,checkbox,Gebärmutterhalskrebs,Gebärmutterhalskrebs,radio/checkbox,FALSE,,#q8011
q8010,221,TRUE,Welche Krebserkrankungen hatten Sie?,8010,checkbox,Hautkrebs,Hautkrebs,radio/checkbox,FALSE,,#q8011
q8010,221,TRUE,Welche Krebserkrankungen hatten Sie?,8010,checkbox,Lymphdrüsenkrebs,Lymphdrüsenkrebs,radio/checkbox,FALSE,,#q8011
q8010,221,TRUE,Welche Krebserkrankungen hatten Sie?,8010,checkbox,Magenkrebs,Magenkrebs,radio/checkbox,FALSE,,#q8011
q8010,221,TRUE,Welche Krebserkrankungen hatten Sie?,8010,checkbox,Ovarialkrebs,Ovarialkrebs,radio/checkbox,FALSE,,#q8011
q8010,221,TRUE,Welche Krebserkrankungen hatten Sie?,8010,checkbox,Prostatakrebs,Prostatakrebs,radio/checkbox,FALSE,,#q8011
q8010,221,TRUE,Welche Krebserkrankungen hatten Sie?,8010_freitext,text,_ andere Krebserkrankungen,,input,FALSE,,#q8011
q8008,222,TRUE,Wann hatten Sie einen Herzinfarkt?,8008,text,z. B. 03/2018; 11/2022,,input,FALSE,,#q8009
q8005,223,TRUE,Wie oft hatten Sie eine Thrombose?,8005,number,Anzahl,,input,FALSE,,
q8006,224,TRUE,Wann und wo (Bein/Arm) hatten Sie eine Thrombose?,8006,text,"z. B. 05/2021, linkes Bein – V. poplitea",,input,FALSE,,
q8003,225,TRUE,Welche Arterienerkrankung hatten Sie?,8003,checkbox,Arterienverkalkung (Gefäß-verengung/verschluss),Arterienverkalkung (Gefäß-verengung/verschluss),radio/checkbox,FALSE,,#q8004
q8003,225,TRUE,Welche Arterienerkrankung hatten Sie?,8003,checkbox,Dissektion,Dissektion,radio/checkbox,FALSE,,#q8004
q8003,225,TRUE,Welche Arterienerkrankung hatten Sie?,8003,checkbox,Schaufensterkrankheit,Schaufensterkrankheit,radio/checkbox,FALSE,,#q8004
q8003,225,TRUE,Welche Arterienerkrankung hatten Sie?,8003,checkbox,Embolie,Embolie,radio/checkbox,FALSE,,#q8004
q8003,225,TRUE,Welche Arterienerkrankung hatten Sie?,8003_freitext,text,_ Freitextfeld – Andere Gefäßerkrankungen,,input,FALSE,,#q8004
q8002,226,TRUE,Wie wurde das Aneurysma behandelt?,8002,radio,Operation,Operation,radio/checkbox,FALSE,,
q8002,226,TRUE,Wie wurde das Aneurysma behandelt?,8002,radio,Endoprothese,Endoprothese,radio/checkbox,FALSE,,
q8002,226,TRUE,Wie wurde das Aneurysma behandelt?,8002,radio,ohne Behandlung - Beobachtung,ohne Behandlung - Beobachtung,radio/checkbox,FALSE,,
q8001,227,TRUE,Wo befand sich das Aneurysma?,8001,checkbox,Bauch,Bauch,radio/checkbox,FALSE,,#q8002
q8001,227,TRUE,Wo befand sich das Aneurysma?,8001,checkbox,Brustkorb,Brustkorb,radio/checkbox,FALSE,,#q8002
q8001,227,TRUE,Wo befand sich das Aneurysma?,8001,checkbox,Leiste,Leiste,radio/checkbox,FALSE,,#q8002
q8001,227,TRUE,Wo befand sich das Aneurysma?,8001,checkbox,Kniekehle,Kniekehle,radio/checkbox,FALSE,,#q8002
q8001,227,TRUE,Wo befand sich das Aneurysma?,8001,checkbox,Kopf,Kopf,radio/checkbox,FALSE,,#q8002
q8001,227,TRUE,Wo befand sich das Aneurysma?,8001_freitext,text,_ an anderer Stelle,,input,FALSE,,#q8002
q8016,228,TRUE,Welche Infektionskrankheiten hatten Sie?,8016,checkbox,Borreliose,Borreliose,radio/checkbox,FALSE,,
q8016,228,TRUE,Welche Infektionskrankheiten hatten Sie?,8016,checkbox,Hepatitis B,Hepatitis B,radio/checkbox,FALSE,,
q8016,228,TRUE,Welche Infektionskrankheiten hatten Sie?,8016,checkbox,Hepatitis C,Hepatitis C,radio/checkbox,FALSE,,
q8016,228,TRUE,Welche Infektionskrankheiten hatten Sie?,8016,checkbox,HIV-Infektion / AIDS,HIV-Infektion / AIDS,radio/checkbox,FALSE,,
q8016,228,TRUE,Welche Infektionskrankheiten hatten Sie?,8016,checkbox,Malaria,Malaria,radio/checkbox,FALSE,,
q8016,228,TRUE,Welche Infektionskrankheiten hatten Sie?,8016,checkbox,Tuberkulose,Tuberkulose,radio/checkbox,FALSE,,
q8016,228,TRUE,Welche Infektionskrankheiten hatten Sie?,8016_freitext,text,_ weitere Infektionskrankheiten,,input,FALSE,,
q8004,229,TRUE,Welche Behandlungen wurden durchgeführt?,8004,checkbox,Gefäßausschälung (TEA),Gefäßausschälung (TEA),radio/checkbox,FALSE,,
q8004,229,TRUE,Welche Behandlungen wurden durchgeführt?,8004,checkbox,Bypassoperation,Bypassoperation,radio/checkbox,FALSE,,
q8004,229,TRUE,Welche Behandlungen wurden durchgeführt?,8004,checkbox,Embolektomie,Embolektomie,radio/checkbox,FALSE,,
q8004,229,TRUE,Welche Behandlungen wurden durchgeführt?,8004,checkbox,Gefäßaufdehnung mit Ballon (PTA),Gefäßaufdehnung mit Ballon (PTA),radio/checkbox,FALSE,,
q8004,229,TRUE,Welche Behandlungen wurden durchgeführt?,8004,checkbox,Stent,Stent,radio/checkbox,FALSE,,
q8004,229,TRUE,Welche Behandlungen wurden durchgeführt?,8004,checkbox,Y-Prothese,Y-Prothese,radio/checkbox,FALSE,,
q8004,229,TRUE,Welche Behandlungen wurden durchgeführt?,8004_freitext,text,_ Andere Behandlungen,,input,FALSE,,
q8011,230,TRUE,Welche Behandlung wurde durchgeführt?,8011,checkbox,Chemotherapie,Chemotherapie,radio/checkbox,FALSE,,#q8012
q8011,230,TRUE,Welche Behandlung wurde durchgeführt?,8011,checkbox,Immuntherapie,Immuntherapie,radio/checkbox,FALSE,,#q8012
q8011,230,TRUE,Welche Behandlung wurde durchgeführt?,8011,checkbox,Operation,Operation,radio/checkbox,FALSE,,#q8012
q8011,230,TRUE,Welche Behandlung wurde durchgeführt?,8011,checkbox,Strahlentherapie,Strahlentherapie,radio/checkbox,FALSE,,#q8012
q8011,230,TRUE,Welche Behandlung wurde durchgeführt?,8011_freitext,text,_ Freitextfeld,,input,FALSE,,#q8012
q8012,231,TRUE,Ist die Krebsbehandlung abgeschlossen?,8012,radio,Ja,Ja,radio/checkbox,FALSE,,
q8012,231,TRUE,Ist die Krebsbehandlung abgeschlossen?,8012,radio,Nein,Nein,radio/checkbox,FALSE,,
q8009,232,TRUE,Welche Behandlung wurde durchgeführt?,8009,checkbox,Stent,Stent,radio/checkbox,FALSE,,
q8009,232,TRUE,Welche Behandlung wurde durchgeführt?,8009,checkbox,Bypassoperation,Bypassoperation,radio/checkbox,FALSE,,
q8009,232,TRUE,Welche Behandlung wurde durchgeführt?,8009,checkbox,Lysetherapie,Lysetherapie,radio/checkbox,FALSE,,
q8009,232,TRUE,Welche Behandlung wurde durchgeführt?,8009_freitext,text,_ Freitextfeld,,input,FALSE,,
q8999,233,TRUE,Abschluss – Hinweise,,,,,,,,
q8800,234,TRUE,Nehmen Sie die Antibabypille?,8800,radio,Ja,Ja,radio/checkbox,FALSE,,
q8800,234,TRUE,Nehmen Sie die Antibabypille?,8800,radio,Nein,Nein,radio/checkbox,FALSE,,
q8007,235,TRUE,Welche Gefäß- oder Herzoperationen wurden durchgeführt?,8007,checkbox,Krampfaderoperation (Stripping/Laser),Krampfaderoperation (Stripping/Laser),radio/checkbox,FALSE,,
q8007,235,TRUE,Welche Gefäß- oder Herzoperationen wurden durchgeführt?,8007,checkbox,Operation an der Halsschlagader (TEA/Stent),Operation an der Halsschlagader (TEA/Stent),radio/checkbox,FALSE,,
q8007,235,TRUE,Welche Gefäß- oder Herzoperationen wurden durchgeführt?,8007,checkbox,ACVB (Herzbypass),ACVB (Herzbypass),radio/checkbox,FALSE,,
q8007,235,TRUE,Welche Gefäß- oder Herzoperationen wurden durchgeführt?,8007,checkbox,Herzklappenersatz,Herzklappenersatz,radio/checkbox,FALSE,,
q8007,235,TRUE,Welche Gefäß- oder Herzoperationen wurden durchgeführt?,8007_freitext,text,_ Geben Sie hier andere Operationen an,,input,FALSE,,
q8013,236,TRUE,Wann hatten Sie eine Lungenarterienembolie?,8013,text,z. B. 07/2019; 01/2024,,input,FALSE,,
q8014,237,TRUE,Was wurde transplantiert?,8014,checkbox,Herz,Herz,radio/checkbox,FALSE,,
q8014,237,TRUE,Was wurde transplantiert?,8014,checkbox,Leber,Leber,radio/checkbox,FALSE,,
q8014,237,TRUE,Was wurde transplantiert?,8014,checkbox,Lunge,Lunge,radio/checkbox,FALSE,,
q8014,237,TRUE,Was wurde transplantiert?,8014,checkbox,Niere,Niere,radio/checkbox,FALSE,,
q8014,237,TRUE,Was wurde transplantiert?,8014,checkbox,Pankreas,Pankreas,radio/checkbox,FALSE,,
q8014,237,TRUE,Was wurde transplantiert?,8014_freitext,text,ergänzende Angaben z.B. Jahr,,input,FALSE,,
q8015,238,TRUE,Wann hatten Sie Ihren Schlaganfall?,8015,text,z. B. 09/2017; 02/2023,,input,FALSE,,
q8010,239,TRUE,Welche Krebserkrankungen hatten Sie?,8010,checkbox,Blutkrebs,Blutkrebs,radio/checkbox,FALSE,,#q8011
q8010,239,TRUE,Welche Krebserkrankungen hatten Sie?,8010,checkbox,Brustkrebs,Brustkrebs,radio/checkbox,FALSE,,#q8011
q8010,239,TRUE,Welche Krebserkrankungen hatten Sie?,8010,checkbox,Bronchialkrebs,Bronchialkrebs,radio/checkbox,FALSE,,#q8011
q8010,239,TRUE,Welche Krebserkrankungen hatten Sie?,8010,checkbox,Darmkrebs,Darmkrebs,radio/checkbox,FALSE,,#q8011
q8010,239,TRUE,Welche Krebserkrankungen hatten Sie?,8010,checkbox,Gebärmutterhalskrebs,Gebärmutterhalskrebs,radio/checkbox,FALSE,,#q8011
q8010,239,TRUE,Welche Krebserkrankungen hatten Sie?,8010,checkbox,Hautkrebs,Hautkrebs,radio/checkbox,FALSE,,#q8011
q8010,239,TRUE,Welche Krebserkrankungen hatten Sie?,8010,checkbox,Lymphdrüsenkrebs,Lymphdrüsenkrebs,radio/checkbox,FALSE,,#q8011
q8010,239,TRUE,Welche Krebserkrankungen hatten Sie?,8010,checkbox,Magenkrebs,Magenkrebs,radio/checkbox,FALSE,,#q8011
q8010,239,TRUE,Welche Krebserkrankungen hatten Sie?,8010,checkbox,Ovarialkrebs,Ovarialkrebs,radio/checkbox,FALSE,,#q8011
q8010,239,TRUE,Welche Krebserkrankungen hatten Sie?,8010,checkbox,Prostatakrebs,Prostatakrebs,radio/checkbox,FALSE,,#q8011
q8010,239,TRUE,Welche Krebserkrankungen hatten Sie?,8010_freitext,text,_ andere Krebserkrankungen,,input,FALSE,,#q8011
q8008,240,TRUE,Wann hatten Sie einen Herzinfarkt?,8008,text,z. B. 03/2018; 11/2022,,input,FALSE,,#q8009
q8005,241,TRUE,Wie oft hatten Sie eine Thrombose?,8005,number,Anzahl,,input,FALSE,,
q8006,242,TRUE,Wann und wo (Bein/Arm) hatten Sie eine Thrombose?,8006,text,"z. B. 05/2021, linkes Bein – V. poplitea",,input,FALSE,,
q8003,243,TRUE,Welche Arterienerkrankung hatten Sie?,8003,checkbox,Arterienverkalkung (Gefäß-verengung/verschluss),Arterienverkalkung (Gefäß-verengung/verschluss),radio/checkbox,FALSE,,#q8004
q8003,243,TRUE,Welche Arterienerkrankung hatten Sie?,8003,checkbox,Dissektion,Dissektion,radio/checkbox,FALSE,,#q8004
q8003,243,TRUE,Welche Arterienerkrankung hatten Sie?,8003,checkbox,Schaufensterkrankheit,Schaufensterkrankheit,radio/checkbox,FALSE,,#q8004
q8003,243,TRUE,Welche Arterienerkrankung hatten Sie?,8003,checkbox,Embolie,Embolie,radio/checkbox,FALSE,,#q8004
q8003,243,TRUE,Welche Arterienerkrankung hatten Sie?,8003_freitext,text,_ Freitextfeld – Andere Gefäßerkrankungen,,input,FALSE,,#q8004
q8002,244,TRUE,Wie wurde das Aneurysma behandelt?,8002,radio,Operation,Operation,radio/checkbox,FALSE,,
q8002,244,TRUE,Wie wurde das Aneurysma behandelt?,8002,radio,Endoprothese,Endoprothese,radio/checkbox,FALSE,,
q8002,244,TRUE,Wie wurde das Aneurysma behandelt?,8002,radio,ohne Behandlung - Beobachtung,ohne Behandlung - Beobachtung,radio/checkbox,FALSE,,
q8001,245,TRUE,Wo befand sich das Aneurysma?,8001,checkbox,Bauch,Bauch,radio/checkbox,FALSE,,#q8002
q8001,245,TRUE,Wo befand sich das Aneurysma?,8001,checkbox,Brustkorb,Brustkorb,radio/checkbox,FALSE,,#q8002
q8001,245,TRUE,Wo befand sich das Aneurysma?,8001,checkbox,Leiste,Leiste,radio/checkbox,FALSE,,#q8002
q8001,245,TRUE,Wo befand sich das Aneurysma?,8001,checkbox,Kniekehle,Kniekehle,radio/checkbox,FALSE,,#q8002
q8001,245,TRUE,Wo befand sich das Aneurysma?,8001,checkbox,Kopf,Kopf,radio/checkbox,FALSE,,#q8002
q8001,245,TRUE,Wo befand sich das Aneurysma?,8001_freitext,text,_ an anderer Stelle,,input,FALSE,,#q8002
q8016,246,TRUE,Welche Infektionskrankheiten hatten Sie?,8016,checkbox,Borreliose,Borreliose,radio/checkbox,FALSE,,
q8016,246,TRUE,Welche Infektionskrankheiten hatten Sie?,8016,checkbox,Hepatitis B,Hepatitis B,radio/checkbox,FALSE,,
q8016,246,TRUE,Welche Infektionskrankheiten hatten Sie?,8016,checkbox,Hepatitis C,Hepatitis C,radio/checkbox,FALSE,,
q8016,246,TRUE,Welche Infektionskrankheiten hatten Sie?,8016,checkbox,HIV-Infektion / AIDS,HIV-Infektion / AIDS,radio/checkbox,FALSE,,
q8016,246,TRUE,Welche Infektionskrankheiten hatten Sie?,8016,checkbox,Malaria,Malaria,radio/checkbox,FALSE,,
q8016,246,TRUE,Welche Infektionskrankheiten hatten Sie?,8016,checkbox,Tuberkulose,Tuberkulose,radio/checkbox,FALSE,,
q8016,246,TRUE,Welche Infektionskrankheiten hatten Sie?,8016_freitext,text,_ weitere Infektionskrankheiten,,input,FALSE,,
q8004,247,TRUE,Welche Behandlungen wurden durchgeführt?,8004,checkbox,Gefäßausschälung (TEA),Gefäßausschälung (TEA),radio/checkbox,FALSE,,
q8004,247,TRUE,Welche Behandlungen wurden durchgeführt?,8004,checkbox,Bypassoperation,Bypassoperation,radio/checkbox,FALSE,,
q8004,247,TRUE,Welche Behandlungen wurden durchgeführt?,8004,checkbox,Embolektomie,Embolektomie,radio/checkbox,FALSE,,
q8004,247,TRUE,Welche Behandlungen wurden durchgeführt?,8004,checkbox,Gefäßaufdehnung mit Ballon (PTA),Gefäßaufdehnung mit Ballon (PTA),radio/checkbox,FALSE,,
q8004,247,TRUE,Welche Behandlungen wurden durchgeführt?,8004,checkbox,Stent,Stent,radio/checkbox,FALSE,,
q8004,247,TRUE,Welche Behandlungen wurden durchgeführt?,8004,checkbox,Y-Prothese,Y-Prothese,radio/checkbox,FALSE,,
q8004,247,TRUE,Welche Behandlungen wurden durchgeführt?,8004_freitext,text,_ Andere Behandlungen,,input,FALSE,,
q8011,248,TRUE,Welche Behandlung wurde durchgeführt?,8011,checkbox,Chemotherapie,Chemotherapie,radio/checkbox,FALSE,,#q8012
q8011,248,TRUE,Welche Behandlung wurde durchgeführt?,8011,checkbox,Immuntherapie,Immuntherapie,radio/checkbox,FALSE,,#q8012
q8011,248,TRUE,Welche Behandlung wurde durchgeführt?,8011,checkbox,Operation,Operation,radio/checkbox,FALSE,,#q8012
q8011,248,TRUE,Welche Behandlung wurde durchgeführt?,8011,checkbox,Strahlentherapie,Strahlentherapie,radio/checkbox,FALSE,,#q8012
q8011,248,TRUE,Welche Behandlung wurde durchgeführt?,8011_freitext,text,_ Freitextfeld,,input,FALSE,,#q8012
q8012,249,TRUE,Ist die Krebsbehandlung abgeschlossen?,8012,radio,Ja,Ja,radio/checkbox,FALSE,,
q8012,249,TRUE,Ist die Krebsbehandlung abgeschlossen?,8012,radio,Nein,Nein,radio/checkbox,FALSE,,
q8009,250,TRUE,Welche Behandlung wurde durchgeführt?,8009,checkbox,Stent,Stent,radio/checkbox,FALSE,,
q8009,250,TRUE,Welche Behandlung wurde durchgeführt?,8009,checkbox,Bypassoperation,Bypassoperation,radio/checkbox,FALSE,,
q8009,250,TRUE,Welche Behandlung wurde durchgeführt?,8009,checkbox,Lysetherapie,Lysetherapie,radio/checkbox,FALSE,,
q8009,250,TRUE,Welche Behandlung wurde durchgeführt?,8009_freitext,text,_ Freitextfeld,,input,FALSE,,
q8999,251,TRUE,Abschluss – Hinweise,,,,,,,,
q8900,252,FALSE,💊 Welche Medikamente erhalten Sie?,8900,checkbox,Keine Medikamente,Keine Medikamente,radio/checkbox,FALSE,,
q8900,252,FALSE,💊 Welche Medikamente erhalten Sie?,8900,checkbox,Antihypertensiva (ACE-Hemmer; AT1-Blocker; Betablocker; Calciumantagonisten; Diuretika),Antihypertensiva (ACE-Hemmer; AT1-Blocker; Betablocker; Calciumantagonisten; Diuretika),radio/checkbox,FALSE,,
q8900,252,FALSE,💊 Welche Medikamente erhalten Sie?,8900,checkbox,Lipidsenker (Statine; Ezetimib),Lipidsenker (Statine; Ezetimib),radio/checkbox,FALSE,,
q8900,252,FALSE,💊 Welche Medikamente erhalten Sie?,8900,checkbox,Antikoagulanzien (DOAK; Marcumar),Antikoagulanzien (DOAK; Marcumar),radio/checkbox,FALSE,,
q8900,252,FALSE,💊 Welche Medikamente erhalten Sie?,8900,checkbox,Thrombozytenaggregationshemmer (ASS; Clopidogrel),Thrombozytenaggregationshemmer (ASS; Clopidogrel),radio/checkbox,FALSE,,
q8900,252,FALSE,💊 Welche Medikamente erhalten Sie?,8900,checkbox,Antidiabetika (Metformin; Insulin; SGLT2-Hemmer; GLP-1-Analoga),Antidiabetika (Metformin; Insulin; SGLT2-Hemmer; GLP-1-Analoga),radio/checkbox,FALSE,,
q8900,252,FALSE,💊 Welche Medikamente erhalten Sie?,8900,checkbox,Schilddrüsenpräparate (Levothyroxin),Schilddrüsenpräparate (Levothyroxin),radio/checkbox,FALSE,,
q8900,252,FALSE,💊 Welche Medikamente erhalten Sie?,8900,checkbox,Kortikosteroide (systemisch; inhalativ),Kortikosteroide (systemisch; inhalativ),radio/checkbox,FALSE,,
q8900,252,FALSE,💊 Welche Medikamente erhalten Sie?,8900,checkbox,Osteoporosemittel (Bisphosphonate; Denosumab),Osteoporosemittel (Bisphosphonate; Denosumab),radio/checkbox,FALSE,,
q8900,252,FALSE,💊 Welche Medikamente erhalten Sie?,8900,checkbox,Inhalative Glukokortikoide,Inhalative Glukokortikoide,radio/checkbox,FALSE,,
q8900,252,FALSE,💊 Welche Medikamente erhalten Sie?,8900,checkbox,Beta-2-Sympathomimetika (langwirksam),Beta-2-Sympathomimetika (langwirksam),radio/checkbox,FALSE,,
q8900,252,FALSE,💊 Welche Medikamente erhalten Sie?,8900,checkbox,Anticholinergika (LAMA),Anticholinergika (LAMA),radio/checkbox,FALSE,,
q8900,252,FALSE,💊 Welche Medikamente erhalten Sie?,8900,checkbox,Leukotrienantagonisten (Lukaste),Leukotrienantagonisten (Lukaste),radio/checkbox,FALSE,,
q8900,252,FALSE,💊 Welche Medikamente erhalten Sie?,8900,checkbox,Protonenpumpenhemmer (Pantoprazol; Omeprazol),Protonenpumpenhemmer (Pantoprazol; Omeprazol),radio/checkbox,FALSE,,
q8900,252,FALSE,💊 Welche Medikamente erhalten Sie?,8900,checkbox,Analgetika (NSAR; Paracetamol; Metamizol),Analgetika (NSAR; Paracetamol; Metamizol),radio/checkbox,FALSE,,
q8900,252,FALSE,💊 Welche Medikamente erhalten Sie?,8900,checkbox,Opioide (chronische Schmerztherapie),Opioide (chronische Schmerztherapie),radio/checkbox,FALSE,,
q8900,252,FALSE,💊 Welche Medikamente erhalten Sie?,8900,checkbox,Antidepressiva (SSRI; SNRI; trizyklisch),Antidepressiva (SSRI; SNRI; trizyklisch),radio/checkbox,FALSE,,
q8900,252,FALSE,💊 Welche Medikamente erhalten Sie?,8900,checkbox,Antipsychotika,Antipsychotika,radio/checkbox,FALSE,,
q8900,252,FALSE,💊 Welche Medikamente erhalten Sie?,8900,checkbox,Antiepileptika,Antiepileptika,radio/checkbox,FALSE,,
q8900,252,FALSE,💊 Welche Medikamente erhalten Sie?,8900,checkbox,Sedativa / Hypnotika,Sedativa / Hypnotika,radio/checkbox,FALSE,,
q8900,252,FALSE,💊 Welche Medikamente erhalten Sie?,8900,checkbox,Antidementiva,Antidementiva,radio/checkbox,FALSE,,
q8900,252,FALSE,💊 Welche Medikamente erhalten Sie?,8900,checkbox,Prostatamedikamente (Alphablocker; 5-Alpha-Reduktasehemmer),Prostatamedikamente (Alphablocker; 5-Alpha-Reduktasehemmer),radio/checkbox,FALSE,,
q8900,252,FALSE,💊 Welche Medikamente erhalten Sie?,8900,checkbox,Hormonpräparate (Östrogene; Gestagene; Testosteron; Schilddrüsenhormone),Hormonpräparate (Östrogene; Gestagene; Testosteron; Schilddrüsenhormone),radio/checkbox,FALSE,,
q8900,252,FALSE,💊 Welche Medikamente erhalten Sie?,8900,checkbox,Immunsuppressiva / Immunmodulatoren (Methotrexat; Biologika),Immunsuppressiva / Immunmodulatoren (Methotrexat; Biologika),radio/checkbox,FALSE,,
q8900,252,FALSE,💊 Welche Medikamente erhalten Sie?,8900,checkbox,Vitamine / Mineralstoffe (Vitamin D; Calcium; B12),Vitamine / Mineralstoffe (Vitamin D; Calcium; B12),radio/checkbox,FALSE,,
q9900,253,FALSE,Wie zufrieden sind Sie mit diesem Fragebogen?,9900,radio,,5,radio/checkbox,FALSE,,
q9900,253,FALSE,Wie zufrieden sind Sie mit diesem Fragebogen?,9900,radio,,4,radio/checkbox,FALSE,,
q9900,253,FALSE,Wie zufrieden sind Sie mit diesem Fragebogen?,9900,radio,,3,radio/checkbox,FALSE,,
q9900,253,FALSE,Wie zufrieden sind Sie mit diesem Fragebogen?,9900,radio,,2,radio/checkbox,FALSE,,
q9900,253,FALSE,Wie zufrieden sind Sie mit diesem Fragebogen?,9900,radio,,1,radio/checkbox,FALSE,,
q9900,253,FALSE,Wie zufrieden sind Sie mit diesem Fragebogen?,9900_freitext,text,_ kurze Anmerkung (optional),,input,FALSE,,
q9000,254,FALSE,Kontaktdaten vor Versand prüfen,confirm_email,checkbox,"Ich bestätige, dass ich die Daten übermitteln möchte.",Ja,radio/checkbox,FALSE,,
q9000,254,FALSE,Kontaktdaten vor Versand prüfen,9001,email,name@example.com,,input,TRUE,,
q9000,254,FALSE,Kontaktdaten vor Versand prüfen,9002,tel,+49 …,,input,FALSE,,
q9000,254,FALSE,Kontaktdaten vor Versand prüfen,,textarea,Zusammenfassung Ihrer Angaben (Nur-Lesen),,textarea,FALSE,,
q9001,255,TRUE,,9001,email,name@example.com,,input,TRUE,,
q9001,255,TRUE,,9002,tel,+49 …,,input,FALSE,,